session,max(max(amplitude)),max(mean(amplitude)),max(var(amplitude)),mean(max(amplitude)),mean(mean(amplitude)),mean(var(amplitude)),var(max(amplitude)),var(mean(amplitude)),var(var(amplitude))
Angry_0,32127.0,224.1881875,68132891.2012,19452.8295455,2.87426917614,22434214.1129,84677356.0959,5801.53514733,3.42339622687e+14
Angry_1,31659.0,33.88525,43522687.179,10497.1558442,-1.35009821429,5693347.2806,61734011.1445,61.0666763728,7.49347427303e+13
Angry_10,10055.0,4.5810625,3412921.04422,5582.49295775,0.0639295774648,2120812.97319,2280095.60206,2.65500029896,6.73722375567e+11
Angry_100,32570.0,76.9925625,93013610.8891,25635.7090909,-3.347075,40070062.549,52979455.3699,1167.53970716,6.69378019279e+14
Angry_101,32150.0,92.59575,104433190.644,18288.0727273,2.68007386364,25789426.881,160862466.177,1498.21639478,8.11027705473e+14
Angry_102,32195.0,49.7011875,44317827.0924,17564.0,-2.62062613636,12983908.3881,107599802.545,602.130088132,1.23467653538e+14
Angry_103,32399.0,110.563625,94924668.7823,23731.8181818,-0.695809090909,25630180.6873,83410987.276,1109.1756345,4.1661014559e+14
Angry_104,32217.0,99.371,61235194.946,23842.5090909,-4.82869431818,20832303.46,83969259.8136,1660.60614474,1.99693312804e+14
Angry_105,31771.0,32.5393125,49189612.0115,13784.7454545,-1.0864375,7605074.82706,13318662.7352,82.4603255128,4.97597360798e+13
Angry_106,16184.0,10.5241875,16489575.3822,12879.2181818,-1.36972159091,6489211.42313,11476601.6979,36.2944403108,1.50009687698e+13
Angry_107,16111.0,6.13875,23802711.4705,10534.0363636,-1.64717840909,5588584.02462,28625562.9441,10.0479550574,2.77337238128e+13
Angry_108,16268.0,10.670875,23275319.8371,12396.0363636,-1.78798181818,6927975.93008,15928384.9441,39.6184872433,3.07729109554e+13
Angry_109,16150.0,9.022,15850231.1388,12917.4181818,-1.87537159091,7506112.32275,17395596.7888,25.7788890648,1.48495246905e+13
Angry_11,7543.0,7.1124375,2698849.42136,4070.09615385,0.415933293269,1005983.87109,2712629.54845,3.46969373552,3.68915129443e+11
Angry_110,26050.0,20.1196875,18157456.4567,14944.9454545,-1.86586818182,8326889.539,25476532.7425,52.2591576796,2.18451045749e+13
Angry_111,31743.0,13.402,42823531.6443,13798.6181818,-1.41976590909,8175857.82706,67139845.7997,45.9910318661,8.93100420741e+13
Angry_112,29517.0,12.8780625,17769745.721,12650.9090909,-1.38025568182,5627227.77501,31520508.7008,35.6998791885,1.2595367571e+13
Angry_113,31601.0,14.091875,27976829.2727,13690.9090909,-2.02035681818,6765346.68653,36210369.6463,33.9720475985,3.55426264405e+13
Angry_114,31729.0,21.1314375,30628913.8259,16508.1818182,-1.5362,10350056.7209,33947889.8579,47.7344773684,4.2777324633e+13
Angry_115,31566.0,9.8771875,31560857.3906,15655.3636364,-1.45271022727,9606680.8712,39041161.1405,28.4237060464,4.01999207888e+13
Angry_116,16250.0,11.4095,15180593.4301,9031.10909091,-1.94184090909,3547165.94794,42449331.9517,27.1915650951,1.46465351194e+13
Angry_117,32489.0,30.930125,30370048.7383,12686.7272727,-1.76522798295,7666605.57421,67171129.1529,51.5683119351,5.21190644654e+13
Angry_118,32289.0,93.877125,58266107.5981,20547.7636364,0.368728409091,26166294.8073,25818675.635,3392.85200494,9.71786968619e+13
Angry_119,31419.0,160.5010625,41238282.0706,21355.2,0.186329545455,27423480.1979,19087993.8691,4202.7595043,6.62673382754e+13
Angry_12,31962.0,27.9759375,138098021.294,15080.9818182,-23.6457386364,14560367.2908,119933152.236,201.227708191,8.08665723866e+14
Angry_120,30948.0,156.89175,46687531.1802,20738.8545455,3.10004204545,25197097.9704,25975296.8516,3948.34032614,8.52819880516e+13
Angry_121,28167.0,118.7065625,39656850.9984,20273.4909091,-1.27492159091,24912178.1436,15427653.159,3153.62246503,7.36255007482e+13
Angry_122,31553.0,125.7729375,64485775.4974,20755.5454545,3.89481704545,30430819.7346,40001313.9934,6030.05992948,2.36409872005e+14
Angry_123,32767.0,150.4121875,80447995.1515,21031.0363636,3.22841704545,34268247.6138,63590677.126,5611.2262264,3.84394899604e+14
Angry_124,31338.0,122.6700625,81519445.8488,20457.3818182,-4.24917840909,35016533.3192,22315495.7269,2752.6491683,1.85621030528e+14
Angry_125,27305.0,188.9971875,45388667.8481,19291.1454545,-1.85040227273,25476509.2998,8149760.41521,3971.0335273,4.35695598684e+13
Angry_126,28873.0,187.7205,52564542.8967,20895.0,-5.22121704545,30254943.5337,12051928.0727,5262.64543193,1.09943998088e+14
Angry_127,32634.0,210.09575,83472874.7134,22592.2727273,-10.0814465909,36159508.2739,66435088.1983,10975.7990027,4.34502184696e+14
Angry_128,31672.0,288.747375,59820179.4991,22625.4545455,4.2905,30548837.2184,22452118.6116,6975.04881244,1.27979480461e+14
Angry_129,31339.0,155.1480625,42694492.1493,21022.3818182,2.42174318182,27139063.9375,17070419.3633,3018.55403938,6.09744103347e+13
Angry_13,31983.0,49.7125625,135380796.477,24638.9272727,-28.2390431818,37501723.6537,86094592.8311,620.371559849,1.19773614225e+15
Angry_130,31008.0,85.7403125,44646900.507,20097.8909091,2.99019090909,29419241.8698,21675044.7154,2522.70159244,6.27434818489e+13
Angry_131,31466.0,181.779875,53498729.6301,21997.2363636,-4.88213068182,28137559.8824,19014101.126,6221.82604458,1.06919118375e+14
Angry_132,31580.0,160.5118125,49420557.5464,22680.4363636,3.54845454545,27417710.6653,26183044.6823,2967.88739299,1.21085428974e+14
Angry_133,32197.0,178.5158125,76174323.8627,22955.8363636,-0.8821,32086028.1056,65782865.3005,5146.53883954,4.00287051807e+14
Angry_134,27403.0,149.1846875,47868496.2775,20429.1818182,-5.94931818182,27383941.1495,18790325.1669,4228.48663609,1.12098806966e+14
Angry_135,29849.0,159.382,48531794.6976,21287.1298701,3.48846915584,27227492.5619,17889970.9701,3916.32397366,8.63234875342e+13
Angry_136,28807.0,13.14675,30557382.194,14619.7454545,-2.01611590909,9046865.6714,44056683.4988,42.3951988565,6.40839955484e+13
Angry_137,31360.0,7.6380625,36621417.4764,12250.1818182,-1.78371022727,5632143.57256,45554431.1669,19.4952620074,4.72790087417e+13
Angry_138,32116.0,33.4101875,63076902.8332,17985.6590909,-1.81575355114,11054180.8536,50530020.9747,146.522098093,9.51603660297e+13
Angry_139,11749.0,8.6525,5410337.15048,7087.77464789,-1.34452552817,2778206.78908,3007356.34358,13.3673367742,1.14315531661e+12
Angry_14,31987.0,46.5045,145007402.964,27532.8181818,-24.9239795455,54436102.6101,62147682.6215,701.206486575,1.30677561356e+15
Angry_140,8280.0,5.4605,4438413.18303,5601.09090909,-0.0169852272727,2266767.4304,1669226.44628,5.58474101292,6.76209777767e+11
Angry_141,8230.0,3.20075,3825528.74838,5613.27272727,-0.115398863636,2131076.42451,1967385.87107,2.76507705447,7.17133541463e+11
Angry_142,8388.0,7.581375,4762268.97003,5087.16363636,-0.0126488636364,1874440.12924,2891132.02777,6.13258744865,1.35438851662e+12
Angry_143,9270.0,4.4088125,5782911.17882,5833.87272727,-0.118502272727,2173498.01642,2728620.40198,5.64738161988,1.49820424768e+12
Angry_144,8563.0,6.3705,3842351.87042,5544.32727273,0.102561363636,2095191.14956,2133823.09289,5.40333518118,5.97741141359e+11
Angry_145,9160.0,4.149875,4121475.96518,5299.16363636,0.0154727272727,2012072.73024,2746407.00959,2.79837576801,1.02738232566e+12
Angry_146,7559.0,5.9166875,4061058.95165,5030.41935484,-0.0561478494624,1975706.95963,1839828.13597,4.50594426544,7.85697727602e+11
Angry_147,24884.0,61.617,27059103.0302,15296.6,8.12485729167,14718256.8126,16696547.5067,409.639284086,3.34395376818e+13
Angry_148,31952.0,18.99025,137737402.072,9220.34545455,0.0533045454545,15539966.3311,143666619.572,29.5546073541,1.07789786481e+15
Angry_149,31311.0,9.448,81967062.1548,13070.8727273,-0.122688636364,17686485.1388,118676461.457,15.0765091208,4.72059473868e+14
Angry_15,31965.0,17.2993125,219973546.187,22183.4769231,-24.9042336538,46853140.7671,139968102.434,406.971826543,2.54530964989e+15
Angry_150,31951.0,19.747,92170181.0829,18766.6727273,-0.117838636364,25136798.828,118976472.984,49.079781226,5.74220052125e+14
Angry_151,31953.0,14.6568125,115731159.161,11368.9454545,-0.100156818182,15767728.6678,152312850.706,30.3214025452,7.10274832898e+14
Angry_152,31956.0,13.5743125,107829735.917,18630.8363636,0.216293181818,30628938.201,111574221.81,15.3425750869,9.18331341913e+14
Angry_153,31953.0,12.159625,128817755.311,10929.1818182,-0.134347727273,14858788.1651,157354710.294,16.8900331734,7.5037454535e+14
Angry_154,31959.0,20.0423125,229351768.598,18702.8181818,0.614744318182,45458530.9184,162698703.676,66.8376870432,2.9586298408e+15
Angry_155,31568.0,12.482625,66014700.5175,8903.45454545,0.103771590909,7988640.73489,82142282.5025,10.6695334652,2.14887468207e+14
Angry_156,25441.0,2.6825,26027699.8363,6837.83636364,-0.0183488636364,3264919.52231,56989497.3369,0.954740022825,3.77656117649e+13
Angry_157,23108.0,6.056625,25073433.4402,7821.61818182,0.0154568181818,4943621.31238,59392678.236,3.22796452981,4.74861301505e+13
Angry_158,31957.0,14.11825,127689191.852,17487.5818182,-0.0919659090909,16327952.1211,82850537.2251,15.5702258234,5.43187621364e+14
Angry_159,31960.0,10.3740625,54729045.7253,14993.1818182,0.224689772727,14568271.1534,140710058.44,8.28666474545,3.30537865355e+14
Angry_16,7543.0,9.29225,2243511.4793,3953.21818182,0.418335227273,1097908.90398,2933641.1524,15.9457067539,4.37581742961e+11
Angry_160,31589.0,13.77125,48207543.1796,14255.4181818,0.111448863636,10504543.5393,56685931.3342,12.3182392398,1.12016964789e+14
Angry_161,31949.0,8.051875,32606265.5702,14475.3272727,-0.224475,8332830.26518,100948975.711,14.0976254718,7.08042104637e+13
Angry_162,31718.0,8.8316875,56150089.2422,11056.5818182,0.0881238636364,8311645.80478,81523112.8615,9.54337157763,1.62209088465e+14
Angry_163,28559.0,7.4133125,32041255.8622,9536.34545455,0.167077272727,5493647.14594,75552147.2807,8.34022658948,6.86179198165e+13
Angry_164,28866.0,8.1356875,24312773.2484,10192.0545455,-0.0810579545455,5316041.43497,59393539.0334,5.21279914174,5.24851440999e+13
Angry_165,31956.0,13.226375,73147981.6903,16416.3636364,0.0405681818182,18066541.3833,122854197.831,25.4907912117,4.50614833203e+14
Angry_166,28352.0,15.7714375,36971784.9502,6820.63636364,0.441706818182,3592981.01709,56697618.886,10.0590973133,5.94933389344e+13
Angry_167,30606.0,24.5045625,62223901.5164,17585.0909091,0.213909090909,16488338.4301,72508332.8099,37.3031205487,2.28194352928e+14
Angry_168,31782.0,11.4924375,53286027.9264,16220.4727273,0.0760375,15901303.3717,85475140.4311,18.1728175972,2.5776543223e+14
Angry_169,31959.0,10.24125,152373614.997,21805.9454545,-0.0721704545455,30380378.2755,68516785.2879,23.7458680138,9.20679932856e+14
Angry_17,6759.0,4.970375,2915162.41476,4372.61818182,0.476248863636,1158976.21696,1702205.29058,4.62627040689,3.27497107141e+11
Angry_170,31953.0,13.0446875,102671567.709,18206.9272727,-0.118028409091,27528332.9638,114889152.177,35.1209781978,9.37886183358e+14
Angry_171,31953.0,18.650875,60432086.4856,23071.5090909,-0.106405681818,26678980.9996,67968712.2499,54.3565680192,2.47870088638e+14
Angry_172,31950.0,14.500625,74672900.1397,13813.7090909,0.107786363636,13652120.0539,119828778.934,18.6351348508,3.48937563476e+14
Angry_173,31960.0,15.879625,119487148.203,23011.8545455,0.370673863636,35693552.9193,77884542.9607,40.9099210346,9.91708009558e+14
Angry_174,31952.0,17.0926875,84843414.4628,20236.7636364,-0.179419318182,25060853.4133,83626098.9078,33.0240835679,4.09590017195e+14
Angry_175,26010.0,9.713,56576838.117,8188.21818182,0.108334090909,5773792.35963,60907415.0433,5.70500845685,1.24277023167e+14
Angry_176,31958.0,10.307375,124314813.873,22020.4324324,-0.0999400337838,29536411.7213,118347279.137,23.5614718755,8.14758981283e+14
Angry_177,26443.0,31.3595625,45672423.4848,14990.5636364,-2.07305909091,11065451.7056,33542251.5187,104.472048084,9.17355453933e+13
Angry_178,23816.0,9.24675,18956820.2663,12008.6727273,-1.36181477273,4951889.54693,26906142.7656,19.0451438619,1.52098829547e+13
Angry_179,32075.0,95.0656875,63777152.4377,15157.0727273,-0.0536727272727,9616655.12732,79318493.2674,258.766925343,1.39564660843e+14
Angry_18,6777.0,8.978125,2651545.69746,4557.34545455,0.387586363636,1099706.78585,2847709.46248,9.53731634709,4.53865430777e+11
Angry_180,31784.0,57.09525,30044257.5735,18080.3272727,-1.158525,12567884.3489,59292827.9656,258.012243459,7.3320586383e+13
Angry_181,31869.0,23.25775,30977801.925,17399.9636364,-1.8520625,9180087.22305,58719815.5623,93.6256833986,5.81999547306e+13
Angry_182,31790.0,47.2063125,47378249.8229,17131.3414634,-1.53015015244,10351058.8987,68752061.859,244.089746036,7.67062611751e+13
Angry_183,9531.0,9.8338125,3753482.16047,6591.02272727,-2.27108025568,2156423.53381,1065576.56767,19.6229878032,4.52408373492e+11
Angry_184,32767.0,81.6363125,33824252.7764,12071.7311828,9.58679301075,11840244.5888,21264250.9492,702.207388988,5.02476873582e+13
Angry_185,31928.0,57.543875,49484744.3783,17880.7454545,-2.02872272727,12655566.8726,46480651.5716,277.173247297,1.12067929477e+14
Angry_186,32168.0,34.00825,34681858.3453,16462.3181818,-1.72615980114,8248989.53656,40657436.2851,165.588106208,4.30043127484e+13
Angry_187,8421.0,6.391375,2732302.02419,5080.07272727,-1.35028181818,1537911.73161,1074742.28562,10.2762176227,3.10242850857e+11
Angry_188,10715.0,15.9496875,5933554.35445,6475.43181818,-1.09397159091,2250193.72092,2700909.51808,17.6092099513,1.57342847574e+12
Angry_189,6161.0,3.380875,2547574.42718,4451.12727273,0.538888636364,1093996.74528,1362373.74744,2.34538318376,3.02391358005e+11
Angry_19,7150.0,8.9825,3219195.15554,4566.16363636,0.587553409091,1173619.6312,1687834.82777,8.4408030404,3.34000459716e+11
Angry_190,6289.0,7.113375,2134040.44435,4552.61818182,0.404397727273,1010607.0843,951968.599669,7.93081907122,2.04851787042e+11
Angry_191,7223.0,7.4703125,1801502.07706,4998.01818182,0.540936363636,1148277.50966,1205314.52694,7.04027362436,1.36825596053e+11
Angry_192,6183.0,6.503375,2202677.91143,4672.49090909,0.49565,1119852.65134,837886.322645,8.0527327025,2.28721188076e+11
Angry_193,11306.0,9.75775,4535311.72648,6825.52727273,-2.88589659091,2477529.03539,2766542.32198,16.1929486887,1.22580181597e+12
Angry_194,6272.0,5.5696875,2126151.46503,4452.83098592,0.467123239437,1141874.99022,559484.055941,4.95517893222,1.34861333722e+11
Angry_195,5423.0,5.3876875,1657917.17369,4342.28947368,0.413689144737,1115901.69398,400698.363573,4.22303663785,1.38842073699e+11
Angry_196,32697.0,60.7495,54506787.5517,20317.6727273,-3.32075568182,17584520.7562,69920784.5111,460.705353946,1.88940490986e+14
Angry_197,6908.0,10.5286875,4157930.29903,4381.61818182,0.393954545455,1113801.67998,1930894.45421,9.40073787009,4.29483239887e+11
Angry_198,6769.0,6.265625,2472278.08636,4889.76363636,0.464119318182,1087378.64839,876427.235041,6.90323747064,2.46345710956e+11
Angry_199,5754.0,4.6638125,2090480.79159,4236.94545455,0.412439772727,1105772.94122,719425.033388,3.66694516562,1.71492762401e+11
Angry_2,9308.0,10.2683125,5507804.04483,5761.8,-0.6402625,2528928.25469,2703653.65091,20.8899470812,1.75677655843e+12
Angry_20,6224.0,6.306,2099141.37397,4348.87272727,0.385156818182,1126268.59195,677199.420165,5.85268147825,2.13905768296e+11
Angry_200,5594.0,5.7708125,1929985.99801,4459.65454545,0.5534375,1179195.03962,475959.607934,3.82850038011,2.01116976183e+11
Angry_201,6881.0,9.2454375,2647198.38307,4926.76363636,0.458351136364,1238777.21964,1840209.85322,11.6086313427,3.39341639656e+11
Angry_202,6374.0,6.149625,2529656.99657,4274.43636364,0.460632954545,1109310.79471,841179.518678,3.51062418793,2.24126431132e+11
Angry_203,6964.0,6.0640625,3005926.83758,4351.54545455,0.420188636364,1173794.49666,801137.157025,4.421722387,2.81040220816e+11
Angry_204,5273.0,4.689125,2073465.66683,4137.72727273,0.496759090909,1217909.65938,223176.343802,3.83103361142,1.0178911186e+11
Angry_205,5678.0,4.8190625,1925178.74232,4343.52727273,0.464265909091,1052501.88494,502289.48562,4.27284916978,1.60581455863e+11
Angry_206,6218.0,6.09825,2629727.58719,4643.89090909,0.4381375,1070890.03061,832003.951736,3.44308307406,2.65875939805e+11
Angry_207,6161.0,5.8593125,1982679.24163,4660.92473118,0.427423387097,1148452.85053,717323.553474,4.5267045794,1.43094620414e+11
Angry_208,31940.0,25.714375,35615335.0136,17960.8363636,-1.37722272727,12422306.77,96145049.6278,116.467186134,9.70030130238e+13
Angry_209,32080.0,54.0444375,42213949.01,16872.8068182,-2.1497890625,8908345.2315,66760896.0195,233.866074793,7.09900714795e+13
Angry_21,6713.0,9.7566875,2191115.32245,3981.09090909,0.705469318182,1145428.00453,960822.446281,8.39890678791,2.60757903863e+11
Angry_210,5683.0,5.1100625,1900461.6017,4324.14084507,0.378509683099,1077589.52839,490819.951994,4.0489528524,1.30924988251e+11
Angry_211,31883.0,24.7188125,40162819.9461,15928.9454545,-1.56648977273,10744852.1907,50191268.0152,155.600499429,8.93776976278e+13
Angry_212,27455.0,12.4060625,22950271.4252,14130.1454545,-1.79088181818,7189583.47198,13646327.9061,44.2147125434,1.72002381598e+13
Angry_213,31985.0,38.7719375,68299074.0923,15565.25,-1.35146875,10737317.2654,41514359.1106,113.329815891,1.36388697543e+14
Angry_214,16463.0,15.496875,20106244.6968,12482.6727273,-1.58813863636,5657753.44548,11820524.0747,47.3533824565,1.65112874226e+13
Angry_215,31299.0,11.086375,38858590.8438,16434.1636364,-2.40704090909,10868701.4221,37926107.8096,43.791253183,6.77828808842e+13
Angry_216,31873.0,40.4013125,54939119.2137,19347.8,-1.69273977273,14611403.057,57671726.3055,483.603931707,1.34715674044e+14
Angry_217,29898.0,11.5055,33262790.9033,16382.4545455,-1.31471477273,9329035.48995,33872375.8479,46.4094911758,3.41244944394e+13
Angry_218,32123.0,58.2130625,43943401.3038,19198.8,-2.69893068182,15041498.0612,90413189.0327,434.322134978,1.69557526681e+14
Angry_219,32334.0,44.136125,32767903.5743,23935.1818182,-4.02783636364,15743608.0544,40963459.5306,566.904318908,5.04181948614e+13
Angry_22,5915.0,3.61275,2139224.38412,4387.10909091,0.453176136364,1121806.35358,1255580.56992,2.09943944149,3.35080202739e+11
Angry_220,32003.0,82.9646875,52562663.6791,25722.8909091,-1.58533068182,27215990.908,23733998.7154,1801.54728853,1.02274089075e+14
Angry_221,32129.0,49.6440625,69999374.7156,24868.2727273,-2.17099659091,24619005.2259,28890486.9983,873.364607392,1.97325091161e+14
Angry_222,32178.0,42.1699375,47507283.8142,18784.0545455,-1.77114772727,11999632.2718,66823677.1425,182.300536662,1.13213362158e+14
Angry_223,31892.0,68.7995,41455091.032,25534.8181818,-3.32832386364,18606709.0021,46123759.8579,762.653340966,8.9687793804e+13
Angry_224,32003.0,53.7549375,41910495.6421,24558.5818182,-1.31458977273,18142073.9903,37207475.8069,1090.0072251,7.53643166954e+13
Angry_225,32610.0,75.0754375,95631789.1615,20387.8591549,-3.86323591549,21540702.2533,98688139.8675,678.167357823,4.35659137375e+14
Angry_226,30616.0,16.0629375,76850790.5364,22531.4363636,0.833154545455,38689997.3014,19790319.046,59.8955844848,3.65544749484e+14
Angry_227,27866.0,22.819125,78923698.3097,19947.9818182,1.40427272727,31547495.5792,21149302.6724,82.4027765799,2.90364984711e+14
Angry_228,31820.0,29.3055,64743166.7465,19121.3090909,1.40134886364,32465567.6632,44936923.5954,109.222252703,3.89504749406e+14
Angry_229,29402.0,24.607375,73884423.5736,18184.7818182,0.217502272727,30160298.4267,40774326.6069,80.156488853,3.83268746678e+14
Angry_23,6291.0,7.0259375,2895174.50795,4509.23636364,0.445176136364,1292480.9638,1771199.70777,10.5393326254,4.90905753205e+11
Angry_230,30672.0,26.969625,79097296.9252,19358.7818182,2.62044545455,31001914.6135,38328857.1524,77.9473291011,3.2711492597e+14
Angry_231,32733.0,31.6420625,105659866.674,20875.7586207,1.87149425287,33076771.9427,46935810.0912,107.707183492,4.37555899184e+14
Angry_24,6915.0,9.7205,3318261.04038,4784.03636364,0.617728409091,1004508.09315,2208771.92595,7.48412677333,4.5667374057e+11
Angry_25,6327.0,5.6241875,2403942.16377,4933.10909091,0.522009090909,1182535.59683,527252.715372,4.80787147975,2.60828011211e+11
Angry_26,6295.0,6.3640625,2454204.94385,4585.61818182,0.327254545455,1054461.02452,1336257.43603,2.54104773251,2.78966728882e+11
Angry_27,6161.0,4.6323125,2267747.18691,4568.23636364,0.614067045455,1038594.99947,700171.707769,2.97219007541,2.18698021793e+11
Angry_28,6289.0,5.271,2086625.36846,4850.23636364,0.3543875,1114660.29712,1037865.30777,6.10945341355,1.52956423175e+11
Angry_29,7223.0,5.887,2249176.00271,4841.70909091,0.663555681818,1132536.42295,1307988.89719,8.08891751217,2.30747882288e+11
Angry_3,9350.0,9.70875,6462362.81812,6456.12727273,-0.98435,2879990.43911,3536973.20198,18.8578588083,2.87515585549e+12
Angry_30,6179.0,4.124375,2078460.79753,4496.96363636,0.343245454545,1019538.17901,1570870.0714,3.54594525211,2.47695525607e+11
Angry_31,6272.0,4.3943125,2058418.39021,4522.45454545,0.535730681818,1125643.33373,480882.320661,2.63819804473,1.41833357871e+11
Angry_32,6132.0,5.6901875,2122715.08797,4477.45454545,0.552485227273,1174102.44192,402433.157025,4.79389739218,1.33474304166e+11
Angry_33,5887.0,7.2568125,2739799.26946,4355.03636364,0.470067045455,1136159.52758,1049201.74413,3.53682521475,3.62875181277e+11
Angry_34,6907.0,4.4476875,2335010.72366,4332.69090909,0.491204545455,1090720.19502,1527866.54083,4.19222246015,2.73181169481e+11
Angry_35,6922.0,6.9385625,2397974.56758,4524.45454545,0.458493181818,1181674.48942,1834149.19339,6.4030390376,3.71960872482e+11
Angry_36,6908.0,6.6710625,2896688.87179,4785.98181818,0.371170454545,956844.894342,1645090.74512,2.58089244424,2.70478154624e+11
Angry_37,6385.0,8.0786875,2534325.8341,4633.41818182,0.407448863636,1237485.04569,456287.806942,7.60732050541,1.72864152093e+11
Angry_38,5912.0,5.50275,1792995.87388,4234.16363636,0.600184090909,1052870.919,616964.864132,3.3382644958,1.04742847335e+11
Angry_39,6783.0,4.47325,2224977.85674,4410.14545455,0.382668181818,1072426.46318,859593.033388,2.89029547811,1.66976496202e+11
Angry_4,10793.0,10.5274375,5735554.91468,7493.25609756,-2.07237271341,2872570.10522,1812551.62954,26.7059296261,1.42269180042e+12
Angry_40,7065.0,4.4915625,2267769.72192,5100.30909091,0.431422727273,1194122.87378,818330.940826,2.63755230042,1.77672089872e+11
Angry_41,6908.0,7.3763125,3651678.6309,4332.70909091,0.421125,1087655.39413,1797676.82446,6.40648667273,4.33056491338e+11
Angry_42,6769.0,8.66375,2572850.91876,4973.81818182,0.490681818182,1153191.74238,580957.894215,6.79204698115,2.57575764594e+11
Angry_43,5754.0,5.0811875,1956719.25419,4326.18181818,0.440765909091,1068865.97128,676010.14876,4.17914116693,1.65740268222e+11
Angry_44,5594.0,6.4625,1980054.7414,4489.56363636,0.522327272727,1171069.76865,574646.791405,6.17178340482,1.64397299655e+11
Angry_45,6881.0,8.5089375,2573964.54212,4950.61818182,0.562160227273,1240072.1112,1658843.4724,8.80594621772,3.60585795868e+11
Angry_46,6374.0,4.4880625,3500173.18176,4273.30909091,0.463771590909,1150963.55016,906311.013554,3.76834868483,3.6536352011e+11
Angry_47,6964.0,6.9348125,2222840.06422,4329.45454545,0.339697727273,1142807.94907,744125.375207,5.16405459059,1.50611701664e+11
Angry_48,5273.0,6.0099375,1938880.37299,4155.43636364,0.378546590909,1193389.5778,221901.300496,4.20392630969,1.0495572148e+11
Angry_49,5678.0,3.9329375,1854328.20148,4371.07272727,0.587205681818,1048014.25519,618605.012893,2.85977535478,1.63947212602e+11
Angry_5,5100.0,8.939625,952582.169263,3691.72727273,-0.0777636363636,670084.998496,542601.652893,10.038300116,25432513920.0
Angry_50,6218.0,6.63475,2499446.41702,4777.85454545,0.451289772727,1099720.53717,856668.778843,5.13159868244,2.04626691341e+11
Angry_51,6161.0,4.59425,1890478.45911,4886.05454545,0.408168181818,1167402.07541,766825.506116,2.30711015055,1.30303162747e+11
Angry_52,7408.0,5.947875,1962321.83978,4505.05454545,0.404320454545,1099321.50486,1077549.17884,5.14755816194,1.44927055109e+11
Angry_53,6710.0,6.042375,2293681.11507,4177.32727273,0.363906818182,916568.728229,2361603.27471,3.65761359089,3.29239119736e+11
Angry_54,7079.0,4.5486875,2288850.65072,3848.41818182,0.495793181818,928400.815263,2445356.78876,2.47383997441,3.51556347198e+11
Angry_55,6108.0,4.909125,2033785.69192,4228.9047619,0.31296547619,1081234.5704,619925.571882,6.32196294486,1.50638874301e+11
Angry_56,32353.0,69.9503125,49497001.4719,21837.5272727,-3.05983863636,20648552.6755,47837599.4493,1084.92040174,1.55272153753e+14
Angry_57,32196.0,36.4728125,49146763.3248,20818.8181818,-1.89829772727,16865222.2494,55923949.3124,313.396777609,9.87692184907e+13
Angry_58,31808.0,39.4834375,38155595.0329,18437.4363636,-1.45176477273,13061088.9568,72415807.955,154.919715646,9.49066871375e+13
Angry_59,32090.0,70.9066875,54503692.63,18321.2181818,-2.00674204545,14301622.7349,48828708.4979,518.379876332,1.40917391077e+14
Angry_6,7460.0,5.4979375,1002502.09561,3485.03636364,-0.00431590909091,583504.217778,1049370.61686,4.06084214978,42907080751.6
Angry_60,16558.0,13.951375,22652021.6897,12783.4909091,-1.41564886364,6517941.75221,15546361.7408,39.0417498111,2.5698286598e+13
Angry_61,31489.0,22.485,39685719.5418,14045.0909091,-1.88112386364,7986191.07982,38169896.5554,74.4271831768,5.64317924315e+13
Angry_62,32401.0,54.8500625,70043554.1418,23941.3272727,-4.63904431818,27512976.9743,51063424.8747,1013.37570962,2.92517555031e+14
Angry_63,32562.0,98.5981875,55781335.8554,20283.0363636,-2.54022272727,21270675.7629,46988164.9078,1080.4654554,1.52574838654e+14
Angry_64,31940.0,112.647,74947778.3384,18675.6181818,1.55395340909,19069663.2001,91720047.7997,995.643682389,2.98878611795e+14
Angry_65,32028.0,73.627125,47998208.734,15302.0,-1.93094659091,16068274.2462,101967808.945,979.022928323,2.30986951827e+14
Angry_66,32049.0,104.470875,83507710.8022,21382.5113636,-1.70682386364,27508750.2578,46894107.2726,777.940323863,3.9479031862e+14
Angry_67,29739.0,91.2940625,47394912.7055,17919.6545455,-2.26122272727,17584869.3132,55485309.0261,840.001045165,1.91862507497e+14
Angry_68,32044.0,56.731375,66160252.541,18846.5454545,-1.07390227273,20757956.0872,81140874.1388,547.939344112,2.62267841502e+14
Angry_69,32048.0,18.171125,41150944.1562,13867.7634409,-1.44941465054,10073508.8934,38932748.0516,55.5216610855,7.29657697675e+13
Angry_7,4600.0,4.066,1072652.93333,3225.38181818,0.0256761363636,534529.709203,635413.690579,3.60338696123,40077838958.8
Angry_70,32168.0,22.3496875,36106050.5643,15418.9818182,-1.56934545455,9403826.47107,49668895.436,83.5058788699,6.95973197293e+13
Angry_71,32165.0,72.65225,65563257.9761,17527.1636364,-1.62973863636,16852502.0374,96812642.7914,571.206454463,2.42403363947e+14
Angry_72,24355.0,16.3366875,13024030.1468,11587.5090909,-1.54330454545,4531462.31373,29473160.5045,37.3002381986,1.1894710359e+13
Angry_73,31834.0,6.299625,26917262.2725,12375.2181818,-1.61776704545,6795637.29376,53626040.5706,12.0012876981,5.15037449826e+13
Angry_74,31890.0,8.5613125,20959817.0646,13698.1818182,-1.50343522727,5538514.99622,36503481.4215,21.4062671628,1.75829240558e+13
Angry_75,20369.0,8.483125,4638881.00031,6784.43636364,-1.04206022727,1412598.75843,18130747.6278,7.08843312514,1.33053569985e+12
Angry_76,32516.0,55.942125,51063639.82,14570.6060606,-2.08466540404,9847879.33852,85498079.1882,192.191197923,1.37475633739e+14
Angry_77,31932.0,52.785,62203415.4962,17405.5818182,-2.85315568182,13471976.9675,61922088.716,339.970877419,1.9192037266e+14
Angry_78,29922.0,18.5643125,31907310.0398,14503.3454545,-1.253575,7361530.69885,31898451.0988,47.3432584867,3.68418768321e+13
Angry_79,31570.0,24.8055625,37748292.8012,11625.8,-2.09262386364,6187901.72596,59091108.16,99.9088675624,7.54134148373e+13
Angry_8,6024.0,4.7213125,939621.539487,3735.86585366,-0.00740853658537,558957.176141,739620.116151,4.06894432967,27210038000.1
Angry_80,16522.0,9.6535,14458891.2834,9807.61818182,-1.34767386364,4283495.73398,31048832.0542,19.806906112,1.45718168973e+13
Angry_81,31946.0,14.3414375,41120844.0673,14304.6727273,-1.80301477273,11386297.956,61807822.002,44.6346317371,1.10650799837e+14
Angry_82,31999.0,65.5023125,44199371.929,18925.7818182,-1.53354772727,16022804.1072,73093732.9706,429.546726668,1.47938247661e+14
Angry_83,31434.0,19.1073125,38577893.4789,16837.2363636,-1.59920227273,11368130.6473,48214409.2714,99.8000491619,6.45861031319e+13
Angry_84,32178.0,76.6621875,55452583.1865,15259.0545455,-2.58385227273,8768737.21816,55378400.597,327.471656448,1.09414016935e+14
Angry_85,32108.0,25.983125,64294882.9965,24254.2363636,-2.08773522727,19688424.6186,58214449.9987,275.165073154,1.15019729422e+14
Angry_86,32648.0,46.9355625,72854379.36,21928.2363636,-4.14393295455,23132152.9501,62122630.5805,483.860032318,2.91329669608e+14
Angry_87,32293.0,61.573125,47743711.0888,21487.5454545,-2.23566590909,17077185.5733,57587070.2843,583.218944267,1.35946478959e+14
Angry_88,32137.0,40.8723125,69177899.5583,15117.3454545,-2.40141931818,11951516.5917,25353840.9898,338.102472882,1.41924842271e+14
Angry_89,32295.0,44.8079375,75256797.2744,18746.2181818,-4.37649090909,14752473.7953,69347330.8251,457.459040965,1.994055715e+14
Angry_9,8602.0,5.1560625,4932346.7892,6039.54545455,-0.0711681818182,2385392.02124,1643191.62975,3.77325899501,7.8802959332e+11
Angry_90,32767.0,82.815875,76399298.2007,23023.6,-7.03924090909,28832531.5657,76931984.8945,1490.3188039,4.57030857673e+14
Angry_91,16195.0,10.9389375,14503201.6921,10834.6181818,-1.21847386364,5558492.59747,24037619.036,14.1500353937,1.57173231348e+13
Angry_92,32190.0,59.482,73657795.439,19116.4545455,-1.6080625,18666747.5148,63996945.7388,373.459571489,2.37673383878e+14
Angry_93,32026.0,65.4823125,69911646.8417,25147.2545455,-3.00578295455,26468128.1171,35206650.5898,890.584181585,2.02699751514e+14
Angry_94,32668.0,118.1930625,145658322.317,25858.8545455,-6.61165227273,33138710.8839,57778440.597,1895.22653106,6.51121141941e+14
Angry_95,32240.0,74.1013125,69678162.6107,25381.6,-2.09220681818,27662764.4068,68770614.7855,1175.44865715,2.80721597561e+14
Angry_96,32280.0,80.8691875,71503578.7772,23907.1818182,-1.77182045455,25520406.1933,71293330.2215,1176.87568923,3.28360725632e+14
Angry_97,32012.0,65.1685625,60095791.447,20672.2727273,-3.16526818182,22204086.2215,87757480.9256,950.277809963,3.15663334818e+14
Angry_98,32570.0,106.838375,76351472.1528,27951.6363636,-2.16275795455,38816841.5285,64367710.3405,1761.65257113,3.42744202069e+14
Angry_99,32279.0,84.6470625,70059160.3985,23119.5272727,-0.890138636364,31458587.3352,109080785.74,1285.91770435,3.43238723715e+14
Happy_232,27732.0,10.1903125,44826259.2494,21061.7090909,-0.360334090909,21438502.6386,31299258.7881,19.5324800247,1.42912535975e+14
Happy_233,31597.0,11.4055625,40600293.8849,20698.0,-0.695490853659,17332456.0305,29567505.9024,40.2818156062,9.938636122e+13
Happy_234,13024.0,9.1150625,12419885.7943,5748.98181818,-0.331052272727,2108232.51283,12398074.8179,8.59644085224,6.51203659855e+12
Happy_235,11920.0,9.114375,8282806.39182,7523.69090909,0.320144318182,3106257.46947,7608880.72264,8.2496714274,4.91572223941e+12
Happy_236,16167.0,6.3270625,2265812.53039,4965.10752688,-0.0750625,897400.273584,7479462.56908,6.32774830108,1.99699919577e+11
Happy_237,13042.0,8.3931875,14288805.9521,7180.85454545,-0.115807954545,4376130.51691,8553199.28793,13.0081789794,1.28448800028e+13
Happy_238,17497.0,13.2033125,24145764.7939,11565.1818182,0.0228784090909,9623614.12951,10304873.0942,16.6555067824,3.54986410212e+13
Happy_239,20698.0,6.3056875,45573261.7007,12303.1272727,-0.141094318182,11581614.3262,14795110.2202,14.2281264206,7.95130915431e+13
Happy_240,18971.0,15.7155625,34772034.5342,11294.9,-0.161970833333,10635093.507,17993753.6567,17.8008676919,7.36210996131e+13
Happy_241,28414.0,15.16825,54474763.2844,18713.4727273,0.339634090909,22949415.3128,30359690.9765,37.006383118,2.11152051067e+14
Happy_242,26926.0,16.964125,41995973.7632,14674.7636364,0.323671590909,14721584.6045,30709081.7805,40.0564557935,1.02844376919e+14
Happy_243,20122.0,12.3843125,18471124.8202,12342.5454545,-0.332615909091,9170796.67178,10468141.1934,17.4802211891,1.97673711036e+13
Happy_244,30484.0,11.4139375,61316118.4716,15501.4623656,-0.0686922043011,14379830.2788,35114830.6357,23.7634559202,1.36910958295e+14
Happy_245,16018.0,6.2705625,9209694.36358,10876.8181818,0.0788625,4171059.73313,8320203.34876,4.94497481426,4.56902579583e+12
Happy_246,15696.0,8.6760625,9451956.78643,9234.25252525,0.301673611111,4233079.94402,9350326.37057,11.5549259007,4.73281020604e+12
Happy_247,11589.0,7.069125,5656430.2656,6097.97402597,1.97089042208,2397520.74021,5815561.58374,4.35641625631,2.44493700557e+12
Happy_248,27560.0,50.1125,40983142.5592,16782.8181818,7.88860568182,18910483.0352,25561838.076,483.505052046,1.06551701929e+14
Happy_249,23909.0,83.1756875,49428559.9042,16966.1272727,10.4521784091,17269805.8372,19757213.8202,529.832032154,8.34597567491e+13
Happy_250,18100.0,10.6174375,26480139.9167,12231.0704225,-0.985896126761,10039022.635,12206811.2204,31.6440990177,3.26990940435e+13
Happy_251,15926.0,4.455875,31739255.4834,9961.51851852,-0.249168981481,9311026.82497,13507393.5089,6.58319719931,5.80795566517e+13
Happy_252,29092.0,13.8061875,39143520.8662,16538.1818182,0.202314772727,11918628.5821,45407023.6033,24.6898725047,6.93931074576e+13
Happy_253,31302.0,8.6145625,58956380.3511,13551.0505051,0.245232954545,10821405.5364,41551325.7853,15.4453053551,1.03929778074e+14
Happy_254,19068.0,9.2266875,12071785.6449,10521.8727273,-0.0577386363636,4721819.75198,16298701.4202,26.9384039681,1.31629892848e+13
Happy_255,15944.0,9.8285625,16776294.6852,9668.25974026,0.795175324675,5321687.48611,14102623.3871,16.0880015508,1.71060113476e+13
Happy_256,16058.0,6.6879375,11232068.0686,10518.8636364,0.187950994318,4211005.74479,12557215.8678,9.88967791659,5.85301799868e+12
Happy_257,10230.0,5.625875,5052072.46488,6655.45454545,1.45143181818,2583621.04667,3019064.9146,2.68848501808,1.59293527504e+12
Happy_258,23596.0,6.039,18914863.7203,9199.57575758,-0.169821969697,4325904.60805,25619790.2443,12.2116757981,1.47677719619e+13
Happy_259,29221.0,14.394375,46823637.8153,17983.4736842,-0.247139802632,17097726.6913,35786245.8809,29.9113000439,8.96775761535e+13
Happy_260,15991.0,9.951375,15343176.6915,8986.25454545,-0.126590909091,5851316.88761,15428925.5716,16.822280112,1.89727359762e+13
Happy_261,28815.0,13.04,38485675.5792,11397.0227273,0.184238636364,9728463.03664,28769972.6813,13.9144236015,6.35738428537e+13
Happy_262,18344.0,10.38575,12861863.2115,10692.3090909,-0.5624,4509903.36814,14502079.3772,27.2298586987,8.22186520294e+12
Happy_263,14880.0,11.986875,5082829.69438,6619.46666667,0.183,1580675.51296,12958584.0489,10.3635798462,1.36224781695e+12
Happy_264,9583.0,5.214625,5376899.12468,6508.42105263,1.13594901316,3022360.96313,2135860.24377,4.61705198537,1.79230785326e+12
Happy_265,26301.0,89.337875,53278750.0409,19103.1818182,5.07625,24118524.5022,20953228.5124,960.683919029,1.11989901703e+14
Happy_266,26980.0,68.772125,40799896.4079,13600.5974026,7.98023133117,13361918.7573,29693987.9548,713.360962437,9.67532050074e+13
Happy_267,18516.0,7.852125,19873437.0115,9684.75757576,-0.317705492424,5701115.73387,13839609.0018,16.9779550196,1.64529802404e+13
Happy_268,19750.0,10.8570625,24158043.0019,10510.6545455,-0.332044318182,6636116.22255,14722253.6079,12.8932350417,2.4222615747e+13
Happy_269,19767.0,11.5990625,29522405.3811,11820.8,-0.263903409091,9541890.23352,21800204.8509,10.8005432307,5.24081866672e+13
Happy_270,20448.0,12.497375,39050864.7966,13929.4,-0.172719318182,15070095.1618,10233373.6582,22.1437415886,6.74430054429e+13
Happy_271,21518.0,10.8709375,28573921.5477,12393.3636364,0.154464772727,8432320.45967,14339618.2678,14.7604549797,2.65300547076e+13
Happy_272,25325.0,6.4438125,36880741.3213,12726.5454545,-0.520327272727,10774280.8633,31742702.6479,12.8029209949,6.05385189307e+13
Happy_273,15350.0,7.5084375,19182422.2981,10036.1454545,-0.234598863636,5298351.40198,6619038.26975,9.24685722581,2.06602233097e+13
Happy_274,20513.0,7.5858125,25662609.7827,11354.0363636,-0.290946590909,8401899.73017,13214190.5805,13.7061543124,4.69227317224e+13
Happy_275,28662.0,9.8500625,40252408.5385,15360.0909091,0.0697147727273,15274116.9502,32658083.6826,15.4053522872,9.62469839248e+13
Happy_276,27929.0,10.4673125,39529898.2774,14459.5636364,0.162064772727,11826623.2577,22156607.0096,15.9479350987,5.11302135157e+13
Happy_277,21931.0,7.8470625,14047742.9014,11623.9636364,-0.0893715909091,6717887.89258,19699022.5078,14.9471711778,1.01007981677e+13
Happy_278,21851.0,6.7119375,20786250.3916,11115.7818182,0.211218181818,6819136.34049,23014309.6979,7.17064680552,2.4022608791e+13
Happy_279,21433.0,6.8943125,34961987.8317,13193.5818182,-0.4793375,12431183.0767,22228638.2069,16.1300169782,6.98715892606e+13
Happy_280,27597.0,10.69275,61774673.0055,12848.3636364,0.179582954545,10270784.018,49378968.995,15.4989760581,1.71657378626e+14
Happy_281,26467.0,9.522625,40982692.7044,12589.2,-0.194669318182,10103003.251,21685007.0327,11.3165245747,6.32337109541e+13
Happy_282,26638.0,6.854375,69673265.6072,14237.2727273,0.0269295454545,14369113.87,30689409.8711,13.9502096389,1.69116715898e+14
Happy_283,27843.0,8.2296875,28778670.5516,13540.3818182,-0.00120909090909,9940756.44014,23744443.0724,10.6396812965,4.08810979737e+13
Happy_284,22241.0,12.9538125,26361089.0279,11723.2,-0.0111306818182,9466221.54009,25227876.5964,21.421963952,3.89885563987e+13
Happy_285,28509.0,11.6355,44195663.8131,12879.7636364,0.0334238636364,10097852.8115,34929607.3805,21.4950476379,1.09054947896e+14
Happy_286,25050.0,10.4348125,43238407.4481,12302.4909091,0.168926136364,9246120.73875,28962767.4499,17.471387504,7.2082700293e+13
Happy_287,29932.0,12.8808125,43475697.3986,13787.7818182,-0.0194568181818,12857043.3087,38663088.4615,12.1047042778,9.01442928541e+13
Happy_288,25258.0,8.447625,34239187.3222,13025.7818182,0.0763363636364,10376733.4629,28611139.0433,13.7084918972,8.02704095561e+13
Happy_289,18693.0,10.1730625,27559801.077,10228.6730769,0.156563100962,7821668.54373,12553065.8162,12.915819686,3.17499731199e+13
Happy_290,14738.0,11.648,7983862.10402,10670.6909091,-0.0754090909091,3969391.35379,12271950.3226,18.2400937044,5.06810607786e+12
Happy_291,14426.0,12.491375,16809439.396,11100.4909091,0.0605386363636,6807308.62741,6930096.61355,29.3562130684,1.96287296557e+13
Happy_292,14764.0,14.93625,20215941.6336,10026.5324675,0.185208603896,5400693.46708,9317994.87232,27.0533938491,1.58962076036e+13
Happy_293,10274.0,7.633,6107806.76989,6351.81690141,1.46914172535,2589587.86237,2763493.07915,5.1826193926,2.28870296378e+12
Happy_294,8473.0,5.777625,2519521.80732,5237.41818182,1.47633181818,1210505.94288,1328167.9524,2.199913822,3.75637809486e+11
Happy_295,10375.0,5.6665625,5401870.12099,5903.63636364,1.49369545455,2194252.83706,5203764.84959,2.5832652993,2.42884438927e+12
Happy_296,8380.0,6.984125,3063425.8886,4384.87804878,1.58472713415,1100407.03186,3807655.00952,4.20013998204,6.57539549969e+11
Happy_297,12051.0,12.964375,8205688.55023,9538.21052632,-3.74138815789,3252102.61096,5063180.69252,68.8616376429,2.90210931291e+12
Neutral_298,10544.0,4.3448125,7002206.42687,6576.07272727,-2.25054886364,1832620.79016,6721427.19471,12.2539600438,2.61165892622e+12
Neutral_299,7289.0,3.1521875,2694906.90376,3458.23636364,-1.71775909091,776115.761173,3387488.1805,6.89338768742,4.62237568377e+11
Neutral_300,7597.0,4.2011875,2437187.45113,3349.78181818,-2.08906931818,699088.9749,2751706.93421,7.66974515464,4.16750233845e+11
Neutral_301,11370.0,8.144625,5621265.69806,4428.03636364,-1.79446590909,1209058.43278,6976075.85322,15.6845854632,1.91501935059e+12
Neutral_302,11868.0,8.5213125,10707316.3603,4448.01818182,-1.94583295455,1518864.6342,9375461.14512,16.6517869567,4.03222045177e+12
Neutral_303,8665.0,8.0134375,4015018.77837,4326.90909091,-1.50244659091,1109110.25878,4151537.24628,20.4368228178,7.74213699565e+11
Neutral_304,9712.0,8.1611875,6332669.61112,4218.54545455,-1.76558409091,1144501.16138,3943077.99339,14.8411252196,1.40496206545e+12
Neutral_305,8283.0,7.8915625,4244137.45681,4324.05454545,-1.90192840909,1102549.76594,4577205.97884,11.6950333074,9.94762202817e+11
Neutral_306,11455.0,7.4360625,9475245.18418,6668.63636364,-2.36306704545,2596589.08032,8431784.44959,16.074798551,5.83863073885e+12
Neutral_307,10494.0,10.2983125,5933008.8912,4390.70909091,-1.84439204545,1415955.17482,6086912.60628,16.8844705745,2.03340631551e+12
Neutral_308,10262.0,5.7741875,8443627.91708,4048.58181818,-1.84721477273,1095966.79775,5302856.42512,12.2948939172,1.92359348768e+12
Neutral_309,10309.0,7.0385,5670620.61883,5529.70909091,-1.86331136364,1868089.74679,6189777.29719,16.7075759421,1.96869110601e+12
Neutral_310,7641.0,10.8435,4838888.00512,4105.41818182,-1.54004090909,1194498.56557,4015654.78876,26.3669783482,1.06548427011e+12
Neutral_311,11094.0,14.418875,9416706.90078,6076.89090909,-2.19805454545,2225686.16512,7906860.24264,27.4334296527,4.31408810768e+12
Neutral_312,8919.0,5.648375,4222422.34629,4363.6,-1.74717916667,1209480.57803,4227248.30667,13.2801284062,1.03652318626e+12
Neutral_313,17405.0,13.6465625,14992177.922,10989.7159091,1.23748863636,5468952.8484,7630052.54429,29.7931125148,1.0811505004e+13
Neutral_314,16206.0,13.35925,8960963.41298,9256.74545455,-0.729838636364,3124169.60984,7700875.46248,52.3654708369,4.05321555036e+12
Neutral_315,12367.0,17.378875,4342120.3497,8565.16363636,0.0213,2153972.924,4619689.33686,43.4482663204,1.23313843678e+12
Neutral_316,16198.0,20.2180625,6006622.17766,9063.09090909,-1.30777386364,2608587.86376,6770522.11901,55.2888547901,2.01117352719e+12
Neutral_317,16391.0,16.3443125,11892787.7697,10779.8545455,-2.15358409091,3154360.23032,11156370.3788,41.1953410398,6.09448872662e+12
Neutral_318,10203.0,10.5305625,3881701.65144,6880.69090909,-1.10001931818,1834882.07351,2420217.55901,35.4412068521,7.56554360109e+11
Neutral_319,11366.0,17.2124375,6512166.10723,7314.53030303,-0.283867424242,2188402.42705,4025832.52181,45.0474442462,1.60779499335e+12
Neutral_320,31963.0,302.2308125,91478965.9359,27861.9210526,-13.7452960526,55504711.513,14760927.3359,22566.1951549,2.94734027112e+14
Neutral_321,21426.0,34.7176875,22770608.1621,9338.92727273,0.369454545455,5187717.52503,33312717.922,138.338800933,2.79613154398e+13
Neutral_322,15821.0,16.3485,10000077.4734,6111.90909091,0.0141204545455,1990367.21298,20497640.0826,15.7015072402,4.09951527105e+12
Neutral_323,26279.0,18.8815,20754625.2165,6904.65454545,0.215279545455,3105854.5778,35454655.6079,27.3016100555,1.76571786621e+13
Neutral_324,16982.0,9.8945,13337708.75,7773.07272727,0.112717045455,3412188.9439,21923755.7402,21.9635670629,8.54452083937e+12
Neutral_325,20123.0,27.8494375,17664752.8985,9534.81818182,-0.386584090909,5082768.95141,28238959.7851,64.505991513,2.0441089159e+13
Neutral_326,23447.0,13.9026875,16472682.1386,9804.30487805,0.200382621951,4696746.08252,29008308.3339,36.8340126201,1.37568333662e+13
Neutral_327,31648.0,42.116375,35814177.8132,18935.4727273,-1.0057625,12574791.4854,63291326.1038,216.54402131,5.67293217991e+13
Neutral_328,32000.0,92.88625,75141081.7262,18991.2828283,-1.80992171717,17192938.8672,53010079.2331,326.149337312,1.67772296978e+14
Neutral_329,20475.0,13.534,15007511.0475,8062.38181818,-0.0586284090909,4242664.43103,21655970.1269,35.7567092202,1.34567310661e+13
Neutral_330,18981.0,23.8308125,14588527.355,8346.89090909,0.0397215909091,4591044.01671,26708895.7699,42.1578790956,1.48106635832e+13
Neutral_331,13594.0,15.021125,13068507.7042,7719.83636364,-0.157336363636,3674275.51202,12790032.8278,42.5146476055,9.0010035783e+12
Neutral_332,19367.0,60.1564375,41231623.3421,9764.32727273,-0.0518318181818,7461183.53885,35114573.8929,267.834790789,9.53057196227e+13
Neutral_333,17223.0,23.6218125,20411249.1535,9382.34545455,-0.280644318182,4969850.45141,23136696.0807,125.07275765,2.42409149055e+13
Neutral_334,19628.0,40.309625,22707754.2641,8765.01818182,0.000903409090909,7386599.34172,35455031.0724,140.297885968,5.63174726191e+13
Neutral_335,19842.0,24.3875625,21041048.4425,8743.49090909,0.416364772727,4914964.76531,23534131.2681,33.4683596934,1.96118375178e+13
Neutral_336,14315.0,14.933875,11812449.9777,8064.70909091,-0.142517045455,4879814.59874,9029835.04264,43.3064533187,7.55569047665e+12
Neutral_337,17470.0,22.0134375,21481512.7254,8872.02272727,0.281549005682,5080008.84183,22660349.6813,65.1984593729,2.16865606842e+13
Neutral_338,18819.0,12.389375,11245391.1906,6469.41666667,-0.20409375,2770591.50598,21600513.3097,16.9746558369,7.64520825664e+12
Neutral_339,31425.0,31.7055625,35309325.3315,12110.4545455,-1.03264772727,7755327.21101,61540219.6298,173.163973825,7.85763834942e+13
Neutral_340,20486.0,10.0553125,16551956.7936,10197.5454545,-1.36798863636,4521256.98141,27872818.9752,16.5012600188,1.81657558779e+13
Neutral_341,20019.0,19.1823125,19522385.882,11967.8166667,-1.77019583333,5331311.2151,20505075.1497,34.1403081564,1.77979285e+13
Neutral_342,17462.0,14.7985625,14396674.0046,7152.87272727,-0.162376136364,3099871.38275,24513561.5293,29.9213239153,1.45310184047e+13
Neutral_343,19216.0,20.236875,15134473.4636,8556.76363636,0.0509454545455,4122703.11038,20196652.2896,75.3614888563,1.47827661506e+13
Neutral_344,19751.0,18.3085,13689309.0849,7949.76363636,-0.0343625,3838328.20919,32827522.4714,48.7809452306,1.4090953216e+13
Neutral_345,23509.0,17.3929375,20893097.0593,8887.10909091,-0.266414772727,5259546.41048,22263489.7336,60.5381437988,1.56524997829e+13
Neutral_346,22264.0,20.9088125,23906006.8652,7925.03846154,-0.0288143028846,4779767.48898,22566068.4408,55.0046472227,2.05247489977e+13
Neutral_347,15319.0,15.4905625,23915266.8895,7314.09090909,0.303595454545,3883424.27971,18763683.6826,34.8463944876,2.52308466082e+13
Neutral_348,20185.0,52.8633125,23553194.7045,10275.9454545,0.394506818182,7258436.97229,32942557.5425,230.232674795,3.79723178088e+13
Neutral_349,14186.0,18.8556875,15508526.4766,7126.91549296,0.0503477112676,4341670.04998,17209644.8098,30.4195540539,1.90058265644e+13
Neutral_350,7150.0,7.3636875,2865089.27597,4891.78873239,0.471415492958,1231918.73764,1752902.33565,10.4398387533,3.55691906887e+11
Neutral_351,10814.0,10.0964375,10042499.5622,5802.63636364,-2.11686704545,2691725.2227,11282569.9769,19.3534184372,5.61685739958e+12
Neutral_352,9729.0,9.2794375,7175572.4496,5106.90909091,-1.93275113636,1811391.14689,5571511.79174,16.7262218398,3.14462633302e+12
Neutral_353,10916.0,6.93525,10264563.9506,4713.38181818,-1.99621363636,1717984.41629,8542547.25421,18.1811809083,4.31421371283e+12
Neutral_354,10488.0,5.7689375,4900511.05226,4885.69090909,-2.15037386364,1373682.22544,8697241.59537,16.7131038675,1.90177590754e+12
Neutral_355,10717.0,5.990125,6933495.10235,4804.98181818,-2.08536931818,1500330.05784,6886642.23603,11.1460075901,3.21908107523e+12
Neutral_356,11442.0,8.079125,8865595.54519,5286.74545455,-1.71299431818,1949247.65663,7529047.89884,24.8062850363,4.11130298565e+12
Neutral_357,9390.0,7.35475,5327021.38882,4357.26666667,-2.01944583333,1199373.22869,2642135.59556,13.4207253377,1.05711997186e+12
Neutral_358,11278.0,8.2830625,6265409.71864,7716.94545455,0.220075,2743995.88241,5825419.28793,8.35212262861,2.44391362434e+12
Neutral_359,22067.0,8.3138125,16113789.8858,9425.11111111,0.0913238636364,4754038.68136,14983611.7553,10.4301371229,1.2310772928e+13
Neutral_360,12776.0,15.64825,6184688.86079,7690.79545455,-0.647948863636,2452756.22227,5135019.20816,49.7640064134,2.02012269733e+12
Neutral_361,18976.0,35.62375,19683668.0319,10318.8,0.36805,6774765.5269,21716606.0873,185.076177399,2.73200370814e+13
Neutral_362,20837.0,24.0626875,27432274.3065,9586.81818182,0.00810795454545,5973996.01342,39998851.5669,105.241069167,3.75148107745e+13
Neutral_363,22584.0,23.986625,18864627.6989,8612.87012987,0.133104707792,4922448.32646,34165594.7104,39.7231740739,1.98814199673e+13
Neutral_364,6291.0,7.7780625,2886164.98511,4455.01818182,0.403025,1185717.76298,2187309.4724,8.66127688105,4.9689918894e+11
Neutral_365,6915.0,5.3873125,3324754.66468,4515.45454545,0.511020454545,1046945.22573,2186159.52066,3.72690818168,5.19321182223e+11
Neutral_366,6406.0,4.9395625,2425139.87639,5055.54929577,0.4874375,1185426.90933,584147.853204,5.95493462126,2.54458584679e+11
Neutral_367,12313.0,8.8725625,8150775.85457,6170.98181818,-1.91014431818,2465178.37816,8514214.63603,17.5653388273,4.1621205526e+12
Neutral_368,10395.0,14.2855,4609624.36162,4692.47272727,-2.14018181818,1196452.73237,6092935.3038,17.6275436409,1.22640123379e+12
Neutral_369,11600.0,9.338625,8238374.71958,4278.70422535,-1.80129137324,1261161.86501,5346557.61674,23.5393970848,1.78758644573e+12
Neutral_370,12955.0,10.478375,11392308.2969,8214.96363636,-0.181688636364,4346443.37837,8555250.61686,12.5240921805,8.13963757252e+12
Neutral_371,20429.0,5.5315625,7693400.29729,6862.52727273,-0.385511363636,2522597.23209,15326012.5038,7.36177660442,3.42755455053e+12
Neutral_372,14752.0,11.96175,18731739.2437,7336.70909091,-0.4832,4874315.71691,9978195.47901,25.541172884,1.93186173057e+13
Neutral_373,11434.0,12.865125,10027947.5393,7300.16363636,0.266829545455,4007603.887,6138214.13686,25.7766153468,6.44370205757e+12
Neutral_374,28402.0,8.294875,18767454.2259,10067.6909091,-0.0594670454545,5290511.28245,32221912.8317,18.6259777571,1.56799290047e+13
Neutral_375,12394.0,10.428875,8732189.94051,7970.83098592,-0.497481514085,3184573.95424,5135401.1827,16.2310815959,3.73261646076e+12
Neutral_376,12913.0,8.721125,9086023.25631,7291.87272727,0.204081818182,1894748.54023,10636035.3474,15.3937509586,3.63375336853e+12
Neutral_377,13455.0,13.865875,11286511.229,8290.92727273,-0.453075,2544134.79186,10350426.3947,28.0318076035,4.87124569535e+12
Neutral_378,13087.0,15.9615625,12551582.3583,9104.56363636,0.141236363636,3437235.94103,9081395.80959,32.3533713809,8.97455582621e+12
Neutral_379,14934.0,13.5336875,12524096.4985,9706.89090909,-0.425623863636,4542327.65234,13448377.4426,34.0449300069,9.75440541729e+12
Neutral_380,12276.0,13.4115625,6721251.311,7202.47272727,0.664588636364,2012262.18857,7770565.12198,17.6573689166,2.20115821361e+12
Neutral_381,13437.0,14.3906875,5798411.64723,7753.43636364,0.650655681818,1852521.01467,9140169.04595,17.290203754,2.11208616425e+12
Neutral_382,14542.0,11.66925,7849102.75628,8385.45454545,-0.345661363636,2397468.50333,9615539.73884,18.3440688664,3.68669042807e+12
Neutral_383,10098.0,6.635875,6205763.83511,6264.29090909,0.122778409091,1498947.93099,3616860.56992,10.5589319755,1.53868412074e+12
Neutral_384,12901.0,11.73475,11609694.6082,9145.96363636,-0.561820454545,3369831.07817,7288629.16231,27.9198514715,7.34799469475e+12
Neutral_385,12007.0,16.6348125,10360670.8311,8422.06493506,1.52130032468,2820688.96135,8276214.94384,26.7711615261,5.67867122823e+12
Neutral_386,9050.0,9.9225,4615937.48616,4100.15909091,0.128518465909,1339708.44436,4941159.36105,12.7985620763,1.23706610123e+12
Neutral_387,9730.0,7.3445,4626421.18978,5078.78333333,1.75393229167,1196141.38504,2448930.20306,3.50892759236,7.84431685319e+11
Neutral_388,14342.0,18.7548125,7456196.5708,8894.23636364,-0.510581818182,3091587.38988,7195609.08959,42.8773774987,2.80574741944e+12
Neutral_389,15423.0,11.365125,16725189.3924,9661.76136364,-2.5738671875,3882157.74068,7179640.88623,39.9523312837,7.98627556104e+12
Neutral_390,31961.0,239.7955,88056181.0729,26808.5636364,-7.32961704545,52773531.2376,27549464.755,11034.671505,1.7367971139e+14
Neutral_391,31960.0,219.33225,123455426.704,26669.8363636,-7.74290113636,53305911.2218,28931200.3914,12280.2988413,3.18622736123e+14
Neutral_392,31968.0,495.9803125,142656600.019,27014.2019231,-9.61259375,59396806.3555,20061877.2958,18467.9618719,4.93783841566e+14
Neutral_393,30114.0,22.240125,28570473.8021,10562.1090909,-0.0222670454545,6252556.37074,62129175.9154,53.9984183991,4.61162384878e+13
Neutral_394,22434.0,17.2450625,28745256.1888,11296.9818182,0.321054545455,7110937.44196,32190123.836,49.0012547528,3.59134416363e+13
Neutral_395,11326.0,9.862,8366588.51137,5414.54545455,-1.57514772727,1983536.61552,5766095.01157,31.3453684493,3.30180678401e+12
Neutral_396,11271.0,8.944,6375620.25781,5827.14545455,-1.92080909091,2117962.4487,6652809.46975,14.6988528056,2.97498597522e+12
Neutral_397,11509.0,8.4205625,4812021.20856,7113.50909091,-1.96787272727,1886115.13101,6737659.59537,18.2095415554,1.36370974981e+12
Neutral_398,12459.0,8.6273125,12548575.6965,7156.03636364,-2.39721022727,3425140.78587,15788422.835,23.4407349931,1.21062814946e+13
Neutral_399,9887.0,6.2015625,3789125.5891,4477.47272727,-1.87979090909,1124899.29635,5874247.88562,12.5807800853,8.63587046279e+11
Neutral_400,9824.0,8.40775,3605058.52849,4896.52727273,-1.69518409091,1237497.47997,6583227.92198,18.0503330155,9.26014473636e+11
Neutral_401,10291.0,9.238875,4222301.99004,4136.38181818,-1.83492159091,1084528.23905,6076771.29058,17.661685737,9.97290060916e+11
Neutral_402,7561.0,10.020875,2996086.01155,3979.50909091,-1.76206931818,981209.535258,4590110.24992,12.257970862,7.34020560273e+11
Neutral_403,10896.0,8.9139375,5275792.16686,5490.47272727,-2.09484545455,1943616.81227,8368330.1038,21.1661964676,2.43198034655e+12
Neutral_404,10534.0,12.495125,5543594.11437,4714.83636364,-1.860775,1773486.0765,7984945.40959,31.853119409,2.43932613165e+12
Neutral_405,7512.0,8.396625,3898396.21484,3953.43636364,-1.79579090909,1074417.07834,2982450.7914,12.2238969509,8.90899101184e+11
Neutral_406,9996.0,6.732375,6225599.11792,5753.2,-1.94908295455,1518869.1564,6830621.50545,18.0893695972,1.80326907505e+12
Neutral_407,12521.0,4.6351875,4451552.91626,6078.12727273,-2.00290568182,1295365.07611,6963458.22017,10.8889408981,9.51451258406e+11
Neutral_408,14092.0,9.0481875,5769333.93177,6533.92727273,-2.13638977273,1701321.31596,8552464.43107,14.9280195497,1.64381484886e+12
Neutral_409,12418.0,8.373125,10907771.8572,6961.6,-2.33171022727,3289798.65778,11707276.9673,25.3141538083,8.92332575273e+12
Neutral_410,12474.0,12.0563125,16387326.3359,7503.25454545,-2.93801590909,4032475.13586,13193592.6625,47.8536975962,1.53871537451e+13
Neutral_411,12112.0,7.3620625,14954847.1466,5882.67272727,-2.20758977273,2674337.99242,12546893.6383,16.955819186,1.15740739892e+13
Neutral_412,12413.0,6.353,7160463.12512,7032.65454545,-2.62221818182,2880606.99763,10705058.9534,16.7286239275,4.5205820779e+12
Neutral_413,12669.0,11.1329375,9982153.07161,6386.36363636,-2.46681022727,2468546.56012,16337811.3587,36.7795189163,6.93911401883e+12
Neutral_414,11103.0,8.0784375,12390923.4369,6084.61818182,-1.72192613636,2691760.44624,5247748.19967,23.7693572083,7.23367907616e+12
Neutral_415,11194.0,10.4520625,9741430.22364,5574.89090909,-1.98310454545,1922223.09776,8576523.40628,21.8850600244,3.8874522148e+12
Neutral_416,11382.0,12.4041875,8786244.68931,5898.54545455,-2.20045795455,2246432.87962,11082031.4116,21.0457654415,5.11126491448e+12
Neutral_417,10623.0,10.3065625,8446107.17391,6708.09090909,-1.89580227273,2696910.64527,6874885.24628,36.8904901001,3.43126913955e+12
Neutral_418,10511.0,11.516125,7006185.88142,6969.74545455,-1.92597727273,2800985.87035,4742293.17157,27.8743488066,2.94616410911e+12
Neutral_419,11119.0,12.5018125,7281981.25786,6428.10909091,-1.7675875,2178485.10294,7337499.87901,23.2612688409,3.43304877834e+12
Neutral_420,12082.0,10.3449375,8023632.63215,6645.63636364,-1.89986022727,2178770.72566,10689274.1223,16.1273561497,3.74319910279e+12
Neutral_421,11109.0,5.7865,5195112.90272,4690.76363636,-2.00377386364,1413006.42196,7955476.36231,17.6015932521,1.78132511115e+12
Neutral_422,10362.0,6.6988125,4831632.6484,5681.32727273,-1.91136477273,1932383.82232,3817217.23835,16.6640067011,1.47605602635e+12
Neutral_423,11671.0,7.1400625,8896740.2935,4967.52727273,-1.94316363636,1468494.35723,9106712.35835,15.8090144117,3.25616620184e+12
Neutral_424,15298.0,8.81775,9436782.31575,7056.09090909,0.0888522727273,2749835.3658,6000704.88264,11.9296027804,3.44198466538e+12
Neutral_425,13803.0,8.3225,7346820.57452,7310.24038462,-0.48515625,2630469.77472,6521738.49029,7.95072936148,2.34063055057e+12
Neutral_426,12765.0,13.645875,4383715.6456,6328.29090909,-0.614776136364,1573026.67698,5219201.29719,25.0415767501,1.0686319753e+12
Neutral_427,9182.0,7.04,3884919.22506,5452.8,-0.843309090909,1067118.24273,4179373.03273,16.8940815708,6.06490948973e+11
Neutral_428,20265.0,49.284625,25633094.408,10636.5272727,0.179927272727,8417441.85191,18487305.4129,176.643905073,4.60512406467e+13
Neutral_429,20639.0,39.190875,31840885.4806,10459.6909091,-0.342753409091,8053542.49432,33181906.7226,229.060615234,6.40758509368e+13
Neutral_430,21079.0,65.829,43969943.6687,12736.3636364,0.676593181818,10681555.047,24367201.1405,379.055847433,8.05924468943e+13
Neutral_431,20813.0,58.142375,25650520.8354,11357.9272727,0.149878409091,8384762.54759,22485913.122,395.992732537,4.62546642998e+13
Neutral_432,23086.0,17.1649375,14758901.6989,7820.52112676,0.0527165492958,3495636.17844,24936194.9538,25.795880658,1.01634287335e+13
Neutral_433,24545.0,12.6118125,11972445.2298,11806.4833333,-1.274278125,4352831.39958,25489532.3831,43.8591274524,8.07542066757e+12
Neutral_434,12252.0,10.333,12217016.9034,7407.8,-1.8651875,3534377.31281,7303949.97818,25.0926695371,7.22669838519e+12
Neutral_435,11587.0,9.7993125,9161860.29566,6061.4,-1.99008636364,2597411.84161,12736710.0218,28.7226471685,6.27187616388e+12
Neutral_436,9545.0,5.9475,7781756.95757,6059.87272727,-2.2588,2366413.07547,4697975.23835,17.0988687806,2.7911534304e+12
Neutral_437,8786.0,8.8121875,5571869.38782,4478.05454545,-2.09909886364,1171389.9225,5291264.56066,18.0908462549,1.25304686147e+12
Neutral_438,10585.0,13.685375,4959674.06918,5550.38181818,-1.94796704545,1257793.91547,8197343.25421,17.4108576069,1.61032235942e+12
Neutral_439,10695.0,10.593,9333228.43541,5948.6,-1.5201625,2246637.11655,6120547.87636,19.9727012195,3.77039774591e+12
Neutral_440,10387.0,11.2951875,9564632.37968,5265.54545455,-1.98029659091,1787932.82649,6493772.75702,26.1371475174,3.13284002587e+12
Neutral_441,10076.0,14.471,7182033.19024,5059.67272727,-1.83962613636,1504514.12244,6135965.96562,30.5041565442,2.29614235617e+12
Neutral_442,11221.0,19.605625,10577573.4185,7383.67272727,-2.02941136364,3440270.08732,5255819.42017,38.1829020152,6.25328290157e+12
Neutral_443,11972.0,9.7770625,7187737.66724,4718.45454545,-1.82289204545,1447152.41169,9613110.46612,17.0626185344,2.6182808912e+12
Neutral_444,11028.0,8.07875,11583090.5636,6636.87272727,-1.90983636364,2627296.29813,11396013.7474,23.1822712156,6.43254636363e+12
Neutral_445,11374.0,16.5585625,10410430.7677,7387.21818182,-1.94945227273,3034667.30913,9156672.89785,23.8728205301,4.63453062107e+12
Neutral_446,11154.0,8.702,8587333.80134,5745.8,-1.70630340909,2187035.69701,7627386.59636,20.6890573145,4.43004018707e+12
Neutral_447,10995.0,9.2726875,5251187.76926,4859.65454545,-1.98967159091,933156.374638,7023442.80793,10.9363583766,1.10660505156e+12
Neutral_448,10912.0,9.4975,8716100.95154,5266.8030303,-2.05197064394,2088049.15121,12121082.1885,22.5965859966,5.34665107174e+12
Neutral_449,12276.0,4.841625,16579198.8883,7414.67605634,0.0892799295775,3421188.02986,6801925.03591,5.1171374662,8.53183977592e+12
Neutral_450,11731.0,9.210125,7313326.72851,7169.19512195,-1.06847256098,1928231.97327,8426077.66924,17.6353751285,2.91764092121e+12
Neutral_451,22078.0,19.3771875,14040265.1293,8375.61818182,0.247053409091,4161022.5721,33031951.5088,71.1180225207,1.95044450779e+13
Neutral_452,22647.0,21.4614375,23885677.8184,9715.8,-0.228659090909,6918086.3145,26494005.2509,77.4400416484,4.12992915043e+13
Neutral_453,23570.0,15.326875,17749565.4622,9182.49090909,0.213503409091,4753053.62441,46085528.6136,46.5201787623,2.40314751265e+13
Neutral_454,18202.0,13.89725,46527751.8697,10602.1090909,-0.222389772727,7991279.84516,21022769.4063,58.907492317,8.18883201139e+13
Neutral_455,16374.0,20.4355625,23962608.6895,8794.05454545,0.0559863636364,5192207.82961,26756624.5243,82.6212546325,2.93674794886e+13
Neutral_456,24442.0,31.024125,24815601.263,9511.76363636,-0.237175,6101037.79675,34886191.4169,110.83405446,4.27332102805e+13
Neutral_457,18930.0,13.4731875,21273952.9558,6880.07272727,-0.142209090909,3596916.81219,28349086.2493,24.5684774872,1.81748062835e+13
Neutral_458,18369.0,18.00725,15590545.4545,8026.30909091,0.174243181818,3605921.34832,21613860.6499,31.4098652667,1.08102157046e+13
Neutral_459,24249.0,12.309875,21113048.3923,10527.6,0.636956818182,5914313.86649,36623099.8764,38.0351514071,2.79056343882e+13
Neutral_460,24567.0,25.3895,22460059.7166,10402.6493506,0.225188311688,6245975.20447,34507715.0329,66.8092762915,2.18416506373e+13
Neutral_461,30604.0,51.134375,32204053.2946,15319.0333333,-0.967360416667,9051190.67381,38783004.6656,194.278120025,4.69108138365e+13
Neutral_462,10090.0,9.00075,8896051.8777,4464.89090909,-2.02093522727,1564560.57503,6985866.75174,18.6785280464,3.32638826059e+12
Neutral_463,9012.0,7.7969375,4172172.25555,3859.4,-1.88739431818,1085539.84626,4977413.62182,17.6848824642,1.25279575823e+12
Neutral_464,9433.0,8.5864375,5442027.03976,5025.0,-1.65991818182,1744293.95198,5795164.76364,21.4348344052,1.92782617104e+12
Neutral_465,10268.0,6.5895,8092104.66851,5435.52727273,-1.55470227273,1726979.30551,3875242.68562,17.9388678801,2.26347204439e+12
Neutral_466,12955.0,7.7106875,11436672.8306,7567.34545455,-2.21487159091,3327632.30937,10012434.4079,25.0256459674,8.46757267094e+12
Neutral_467,11516.0,13.937625,9759509.88299,7384.89090909,-2.27010340909,3582973.4166,7598982.71537,35.0487494175,7.53097654895e+12
Neutral_468,10800.0,9.152625,5697754.89241,4857.54545455,-2.02245113636,1587502.53008,8041939.19339,19.0082059311,2.41897566101e+12
Neutral_469,10346.0,7.856375,4887872.03161,4578.87272727,-2.27763636364,1303619.96828,8891694.54744,24.763901326,1.95166677863e+12
Neutral_470,9410.0,11.265875,4064565.52216,4201.65454545,-1.79847954545,1078804.8434,3876715.2443,26.0615698146,8.69141829641e+11
Neutral_471,6584.0,8.066375,2668261.79779,3654.57317073,-1.90625381098,799331.101237,1778213.65928,17.5959189104,2.89878531171e+11
Neutral_472,19038.0,55.40125,35678583.8694,8445.52727273,-0.129782954545,6880378.92152,35612822.1038,168.951016047,7.89713074565e+13
Neutral_473,20434.0,43.269625,32926061.2927,8634.41935484,-0.283280241935,6360322.52658,30088799.2973,171.629461714,4.64444536529e+13
Neutral_474,11627.0,6.9505625,8514731.91217,5709.56363636,-2.11148977273,2319055.10415,9307976.42777,16.5447519836,5.07055222422e+12
Neutral_475,10983.0,7.942375,8156847.15226,6470.16363636,-2.20160227273,2309979.74016,9226792.86413,12.3508343454,3.63419173763e+12
Neutral_476,10669.0,5.9231875,7913434.87413,5467.2,-2.06004204545,2221580.61919,9608761.86909,16.7257460225,4.96988575541e+12
Neutral_477,11594.0,9.228875,8373394.21484,6448.56363636,-1.75458636364,2398824.39858,6562126.7914,30.2188133748,3.32522782428e+12
Neutral_478,11020.0,10.07225,9932142.15415,4792.50909091,-1.76952954545,1530048.45011,8461979.95901,14.1260557991,3.456877208e+12
Neutral_479,11270.0,10.0866875,5025533.61298,5181.78181818,-1.9638625,1594409.02017,5136017.07967,19.5429546731,1.41908180023e+12
Neutral_480,10388.0,11.759625,6530793.54743,5258.63636364,-2.12648409091,1783983.85638,8096444.44959,17.104018461,2.80275171322e+12
Neutral_481,10826.0,8.0261875,5239894.96013,5085.4,-1.82345,1311801.75938,5917249.36727,13.1173240459,1.63935183856e+12
Neutral_482,11828.0,6.92475,8403936.12112,7099.89090909,-1.85223295455,2348084.02861,12345282.4608,20.3726114052,3.9277805732e+12
Neutral_483,11451.0,8.6894375,9729378.80222,5328.89090909,-2.10978863636,1708598.5089,11235322.0245,21.4299004921,4.48696885005e+12
Neutral_484,9571.0,11.36175,2602162.84902,3687.8,-1.880825,770429.464209,3809655.68727,21.4551953498,3.87734606754e+11
Neutral_485,7070.0,10.9783125,3252215.04982,3677.18181818,-1.94472727273,840854.362898,3753928.14876,32.6586631628,7.07274400102e+11
Neutral_486,8040.0,5.9678125,2495175.51659,2942.01818182,-1.99945454545,643050.691585,3350184.38149,11.9952351197,4.95557303984e+11
Neutral_487,8883.0,5.88825,6925464.8778,3751.47272727,-1.86039659091,1340577.09696,6300295.34017,13.9226626077,2.64160259865e+12
Neutral_488,9469.0,10.266625,4270501.588,3276.63636364,-1.87691477273,878023.100707,6358008.6314,22.4633096455,1.14606988454e+12
Neutral_489,9191.0,8.937,3888694.86575,3055.6,-1.68034318182,550652.994079,5475179.33091,12.6401246456,5.30876554799e+11
Neutral_490,7738.0,8.3178125,4386029.71393,2915.92727273,-1.6977125,717414.537687,3494504.35835,19.8009002686,7.93229898129e+11
Neutral_491,7129.0,4.523375,2638549.00603,3361.09090909,-1.93500795455,786944.995051,3081741.53719,16.5070377658,4.08529989068e+11
Neutral_492,8548.0,8.3723125,5573432.49293,4240.27272727,-1.54606931818,1441394.51596,4252319.03471,24.8002835491,1.86850969223e+12
Neutral_493,8199.0,9.2248125,2857326.39608,3055.54545455,-1.78509545455,614214.445432,3563083.66612,20.6037933102,3.80761938653e+11
Neutral_494,4859.0,8.531625,1130434.74675,2987.43636364,-1.81999090909,476649.650285,1717213.84595,21.8081410918,1.1752486194e+11
Neutral_495,6159.0,5.804125,1414453.83222,2408.47272727,-1.88683863636,401974.739984,1976998.5038,15.0445919887,1.37741619461e+11
Neutral_496,7210.0,12.0228125,3159570.74297,3241.63636364,-1.67365227273,707753.967552,4665394.77686,18.3407135521,5.07566290378e+11
Neutral_497,8289.0,6.0735625,2975509.14947,3154.52272727,-1.86951988636,583095.305062,3490176.79494,12.7529089907,3.53771876159e+11
Neutral_498,13022.0,18.9418125,14764652.8193,6990.81818182,-0.156175,3877204.69582,12004877.8942,43.4915682964,9.59669789141e+12
Neutral_499,16378.0,17.1050625,23090388.9013,9104.2,-0.0578,5533488.37522,13099678.5236,61.8007916243,2.34118668271e+13
Neutral_500,15385.0,24.8134375,22072349.1236,9066.46753247,-0.302840909091,5083629.87992,16137030.8204,81.8006821479,2.3407737252e+13
Neutral_501,11440.0,7.8596875,6985627.17067,6333.6,-2.08975454545,1760393.62906,8711502.24,26.2438860612,2.79932218353e+12
Neutral_502,10862.0,9.163125,8447202.17446,5949.44318182,-2.27115625,1538147.05475,9649322.04223,32.4450459704,2.64890707641e+12
Neutral_503,16508.0,16.2105625,8133474.36354,5795.47272727,0.166669318182,2448674.13042,13676360.6856,20.2785817612,5.10237850652e+12
Neutral_504,18421.0,20.483375,14388215.7515,6102.89090909,0.024675,2521123.10599,25469113.479,61.6330748752,1.31802622856e+13
Neutral_505,22080.0,19.4484375,20313007.2806,7304.09090909,-0.104756818182,4422672.0443,43657008.7008,41.0411546913,2.92782871372e+13
Neutral_506,24235.0,17.2035625,15458393.4226,9237.8,0.342836363636,5120160.47693,34942291.5055,31.717701857,1.99390912089e+13
Neutral_507,26784.0,35.799875,24307692.2709,7517.81818182,0.154853409091,5133101.14235,47343007.8942,129.699556648,4.32113717419e+13
Neutral_508,19052.0,13.312625,11676912.5137,7943.69090909,0.378911363636,3836062.7307,24753524.5045,22.7826798005,1.15440921877e+13
Neutral_509,25692.0,13.4494375,15276658.4604,8333.78333333,0.0829010416667,4802168.69998,39738736.0031,23.3435286829,2.10313985862e+13
Neutral_510,19293.0,49.319875,43900447.1507,9735.06493506,-0.00739285714286,7075690.54544,26245050.3984,201.481410856,7.35121202313e+13
Neutral_511,10747.0,10.15225,9090409.06532,6902.0,-2.29286818182,2158827.14768,10998392.0,24.6055726071,4.51580598859e+12
Neutral_512,10550.0,8.800625,6337602.86576,6117.65454545,-2.22197954545,1650197.64251,9139149.75339,29.2076560807,2.51166342017e+12
Neutral_513,10860.0,16.98875,5759805.62888,6777.56363636,-2.6355125,1938092.93278,8652350.02777,44.1759628569,1.98286102221e+12
Neutral_514,10999.0,19.899375,5973497.70176,7756.21818182,-1.19199204545,2464061.0242,7467036.27967,58.6171354001,2.28512562593e+12
Neutral_515,10723.0,16.5708125,7370318.26806,6952.43636364,-2.48080795455,1999146.86633,7725576.1005,47.3833786442,1.96850973585e+12
Neutral_516,10324.0,19.7994375,4265756.5287,5254.09090909,-1.93577272727,1456394.25734,7642424.95537,67.2112915012,1.2281023648e+12
Neutral_517,10354.0,11.5904375,6697588.45244,7073.94545455,-1.76780340909,1854047.21442,6590169.86975,45.1491379631,2.38552184402e+12
Neutral_518,10547.0,15.0910625,6634488.9041,6521.14545455,-2.08203522727,1629831.59675,8385312.05157,38.5309578318,1.85468581638e+12
Neutral_519,11077.0,6.9615,3776620.27882,5705.70909091,-1.84001022727,1107181.07846,7902733.9881,22.1436056326,8.19325638793e+11
Neutral_520,10542.0,7.813375,4848636.33304,7315.90909091,-2.48063977273,1940302.21342,7699176.84628,24.2437265706,2.12650590364e+12
Neutral_521,11293.0,11.597,7627135.15463,7108.39423077,-2.48706069712,1820030.11172,8423691.31574,29.5048650131,2.64540054092e+12
Neutral_522,17482.0,16.222875,15656940.2846,7331.63636364,0.609498863636,4790065.91349,25735064.195,36.7718938315,1.92986361102e+13
Neutral_523,18705.0,25.479375,18163550.1165,8351.36585366,-0.0072050304878,3663089.08064,25005227.7442,111.123060789,1.63565446142e+13
Sad_524,4488.0,1.3991875,597557.197837,1675.83636364,-0.0727443181818,144167.623711,1355925.62777,0.394951071488,23087835620.2
Sad_525,2532.0,0.687375,218580.900354,1018.90909091,-0.0926625,48447.8485273,454214.300826,0.0891783686932,2541746169.81
Sad_526,5582.0,1.6611875,1121834.67406,1986.81818182,-0.0196568181818,200165.355815,1748782.22149,0.312102946715,52742703074.7
Sad_527,8013.0,0.9765625,989246.468234,1578.14545455,-0.0445215909091,128672.055811,2867767.76066,0.165662201167,45512204738.5
Sad_528,3949.0,1.5325625,765154.820839,1474.58181818,-0.0391181818182,120494.42894,1492695.22512,0.183709534329,28813611700.4
Sad_529,4199.0,1.4275,1132989.18431,1274.72727273,-0.0112590909091,111202.093025,1062895.76198,0.227016117247,43478479821.1
Sad_530,2710.0,1.344875,402504.647216,1320.25454545,-0.0130693181818,80814.2334219,386166.626116,0.152328860323,7145933058.29
Sad_531,4772.0,2.0881875,580467.178986,1382.01818182,0.00773522727273,122649.948817,1937429.69058,0.215267460648,31805714266.1
Sad_532,6574.0,2.2796875,2963868.9449,2351.41818182,0.00441704545455,410580.877641,3935965.00694,0.397776750434,4.32746555476e+11
Sad_533,3213.0,0.7685625,740178.508787,1311.74545455,-0.0753659090909,125251.209672,1085501.78975,0.147488389122,22836193628.6
Sad_534,3877.0,2.0793125,1265147.8599,1601.85454545,-0.0385897727273,167655.806503,921803.942479,0.447529027807,63098181491.4
Sad_535,7898.0,0.9950625,2639970.6408,1450.72727273,-0.0133943181818,160689.578472,2900228.78017,0.114206373135,1.78684658691e+11
Sad_536,6885.0,0.754375,1504244.2968,1789.54545455,-0.0632068181818,213201.172032,2647277.73884,0.21039837413,1.25844164017e+11
Sad_537,2619.0,0.6405,282838.228069,1318.23636364,0.00265909090909,64255.9267413,452995.089587,0.0556811388946,2506677795.02
Sad_538,5770.0,2.3385,813063.945491,1808.89090909,0.00170454545455,171554.515637,1802027.87901,0.472800738275,40077451930.5
Sad_539,4788.0,1.094125,547177.241664,1424.49090909,-0.0240806818182,106682.273315,974177.559008,0.173079025664,15823356532.6
Sad_540,2993.0,0.8775625,211090.440431,1605.49090909,0.0388386363636,88606.9893904,552257.668099,0.104967079928,3232354494.7
Sad_541,3789.0,0.6770625,448098.250787,1186.89090909,-0.0340488636364,80056.3099733,1162097.47901,0.076823065155,11386594324.5
Sad_542,5779.0,2.21075,1462336.13268,1618.32727273,-0.00848863636364,191849.390946,2728889.23835,0.358354548308,1.00426561229e+11
Sad_543,5340.0,1.418,1326842.30735,2481.43636364,-0.0364965909091,343652.106814,2385338.53686,0.282993430457,1.32126661428e+11
Sad_544,4179.0,2.160625,1216180.15046,1153.56363636,-0.00322954545455,138881.520758,1603599.44595,0.6120566939,53787187733.1
Sad_545,5298.0,3.8883125,1027905.05125,1828.67272727,0.0448386363636,208492.687986,2395896.32926,0.782137088024,70911925837.5
Sad_546,4987.0,2.0534375,1711217.19469,2016.83636364,-0.0366147727273,246684.352148,1273152.42777,0.398226586756,1.02159493738e+11
Sad_547,9535.0,1.4651875,814054.961983,2162.98181818,-0.106097727273,132034.928133,3804039.54512,0.187773520847,22931499510.5
Sad_548,4469.0,1.1039375,722768.74255,2005.90909091,-0.00521818181818,154545.968187,1235457.8281,0.174819703817,25387931676.4
Sad_549,8344.0,1.9183125,3081784.11789,2279.49090909,-0.00538409090909,492153.151792,4821510.79537,0.628835971508,6.34439034077e+11
Sad_550,8581.0,1.7488125,3194957.51231,3001.89090909,0.0272522727273,570926.529044,4247760.86083,0.444456282807,3.43282794762e+11
Sad_551,6637.0,1.462875,2096511.4331,2475.76666667,-0.0666635416667,362779.455357,2497191.11222,0.314908564595,2.25619129448e+11
Sad_552,24455.0,18.5803125,31346460.79,11297.4204545,6.09556463068,7820577.17202,39155630.6073,22.162634375,6.15124626267e+13
Sad_553,12855.0,35.4760625,7654527.7295,3599.14545455,8.75869886364,1137826.08757,11535318.8152,138.298283365,2.12878280458e+12
Sad_554,7850.0,31.024125,2539297.95688,2082.27272727,11.1547534091,569591.478473,2567749.90744,165.118609041,1.3839585269e+11
Sad_555,6966.0,39.371,3315975.69714,2509.5,10.2671114583,956185.679091,1961367.18333,298.792124277,3.85718859402e+11
Sad_556,22094.0,18.9323125,17633367.0884,7214.34545455,4.84910113636,4741309.09612,16361993.0625,39.6148609634,1.63588986318e+13
Sad_557,8134.0,18.622125,5735507.91354,3497.14545455,5.10047272727,1521067.16675,4313846.45157,34.3865413545,1.77477364582e+12
Sad_558,19023.0,17.3893125,15662869.6845,6009.83636364,4.99971022727,3313031.33986,21504445.0096,45.4473324682,1.4012142115e+13
Sad_559,13389.0,19.0524375,12249049.3494,5270.27272727,5.03631818182,2488805.07151,9173340.34986,37.2186318202,6.10083675342e+12
Sad_560,31952.0,18.99025,137737402.072,9220.34545455,0.0533045454545,15539966.3311,143666619.572,29.5546073541,1.07789786481e+15
Sad_561,31311.0,9.448,81967062.1548,13070.8727273,-0.122688636364,17686485.1388,118676461.457,15.0765091208,4.72059473868e+14
Sad_562,31951.0,19.747,92170181.0829,18766.6727273,-0.117838636364,25136798.828,118976472.984,49.079781226,5.74220052125e+14
Sad_563,31953.0,14.6568125,115731159.161,11368.9454545,-0.100156818182,15767728.6678,152312850.706,30.3214025452,7.10274832898e+14
Sad_564,31956.0,13.5743125,107829735.917,18630.8363636,0.216293181818,30628938.201,111574221.81,15.3425750869,9.18331341913e+14
Sad_565,31953.0,12.159625,128817755.311,10929.1818182,-0.134347727273,14858788.1651,157354710.294,16.8900331734,7.5037454535e+14
Sad_566,31959.0,20.0423125,229351768.598,18702.8181818,0.614744318182,45458530.9184,162698703.676,66.8376870432,2.9586298408e+15
Sad_567,31568.0,12.482625,66014700.5175,8903.45454545,0.103771590909,7988640.73489,82142282.5025,10.6695334652,2.14887468207e+14
Sad_568,25441.0,7.768125,26027699.8363,6812.79807692,-0.009640625,3890406.01579,54247572.1035,3.95448802282,4.18185664594e+13
Sad_569,15528.0,8.94275,11501043.6592,6778.83673469,-0.673575255102,3833117.77604,22813260.0958,14.8949062691,1.35989237397e+13
Sad_570,19630.0,27.8134375,27841351.4317,7639.67676768,7.50821338384,6985123.65682,19824945.0672,34.5256346908,3.93398841994e+13
Sad_571,8952.0,3.1375625,1732382.84414,2872.96363636,-0.0306738636364,461138.806679,4503801.19868,0.669315022399,2.56164741966e+11
Sad_572,3344.0,1.0903125,373928.21069,1194.43636364,-0.0342318181818,92858.4244842,647098.427769,0.186366691999,9090448856.81
Sad_573,5727.0,1.4649375,1541114.0133,1994.2,-0.026725,253868.337479,1812715.17818,0.548988438153,96298646801.0
Sad_574,5822.0,2.7229375,1687256.00636,2061.41818182,-0.0114215909091,251982.455559,1890146.46149,0.716123121764,1.26623835038e+11
Sad_575,6534.0,2.5758125,2434435.727,3283.74545455,0.0530636363636,639018.44172,3265589.86248,0.969850877342,4.3617311696e+11
Sad_576,5091.0,1.7885625,940750.222238,2166.56363636,-0.00605340909091,235771.557039,1684744.06413,0.318345479037,51027100093.5
Sad_577,2960.0,2.810125,564331.066197,1177.92727273,-0.0938954545455,122377.268735,748074.867438,0.571079998729,20709932845.1
Sad_578,7522.0,1.162,1400305.72233,2255.87272727,0.0128443181818,271636.960803,2960057.71107,0.265219511346,1.08437039727e+11
Sad_579,4354.0,1.718375,1510266.85694,1721.25454545,-0.00567954545455,199913.194655,1556736.55339,0.280707928985,1.06125673732e+11
Sad_580,9132.0,1.8273125,4011356.90721,3001.78181818,0.0212806818182,584610.872767,5288360.97058,0.625788390181,6.95997561516e+11
Sad_581,7901.0,2.089125,1575075.22836,2426.14545455,0.0046375,327243.450353,3896573.94248,0.358283741392,1.62576696942e+11
Sad_582,5856.0,1.4131875,888866.519776,1482.32727273,-0.0882181818182,107622.206492,1749698.87471,0.343902827397,25863722906.5
Sad_583,11387.0,2.6501875,6729463.79673,2997.05454545,-0.0453715909091,825134.860654,9069257.28793,0.499447440826,1.87152160761e+12
Sad_584,6008.0,1.279,1596317.57062,1634.65454545,-0.00251477272727,179327.154236,2672047.13521,0.242187894739,1.04687319913e+11
Sad_585,5139.0,2.2813125,1375104.84906,2146.94545455,0.0503693181818,273449.269475,2151709.76066,0.314950103022,97416157962.9
Sad_586,4523.0,0.6528125,346966.96095,1409.56363636,-0.0732534090909,89140.3497179,1359860.35504,0.0994580578719,10267848352.7
Sad_587,8149.0,2.451,4285231.27865,2928.34545455,-0.00155681818182,521312.169836,4513461.28066,0.488950683561,7.86138250055e+11
Sad_588,4116.0,2.4655625,959985.202475,1719.12727273,-0.0556818181818,182132.607179,2015368.69289,0.455604913675,48931026505.2
Sad_589,6854.0,0.7475,1301675.1541,1755.16363636,-0.0474215909091,142364.29219,2534976.5005,0.109917162105,50019884336.3
Sad_590,17550.0,1.4559375,11705014.6744,3186.43636364,0.0364590909091,842007.913356,14545030.8641,0.33841683327,4.43020787025e+12
Sad_591,5884.0,1.5780625,1338132.70234,1689.87272727,-0.0454761363636,237672.612431,2695484.32926,0.318356115553,1.20994862113e+11
Sad_592,3624.0,0.7013125,279393.315339,908.436363636,0.00294886363636,48138.7147248,1028300.97322,0.0498789944731,5362983833.38
Sad_593,5616.0,1.7555625,1894098.87348,1420.70909091,-0.00100113636364,161168.583354,1969764.89719,0.228152625354,1.16519172758e+11
Sad_594,2270.0,0.87525,196832.139941,687.6,0.0179375,36298.4426556,377249.112727,0.0553646880682,2576843705.42
Sad_595,4803.0,2.068,1010215.11534,2094.69090909,0.00485909090909,212798.752655,1884772.72264,0.377891445343,50893279229.0
Sad_596,5718.0,1.7545625,933598.819057,1787.55844156,-0.0122654220779,138173.305439,1755404.79204,0.181758633944,38619714024.2
Sad_597,21389.0,31.0536875,54986552.9958,10461.7019231,6.04720612981,11739940.4214,51436486.1708,43.708986387,1.9547998891e+14
Sad_598,23213.0,38.883,21618282.0241,4516.14545455,9.74894318182,2534919.61835,25154706.3788,312.911320502,1.99445521328e+13
Sad_599,14412.0,39.312875,14404693.8083,3564.92727273,11.1301443182,1749291.68423,10141067.5947,294.479555963,8.76424131912e+12
Sad_600,10574.0,43.027875,8148369.00183,6529.01818182,11.0632193182,2913966.15794,7674078.92694,289.555845121,4.19304385647e+12
Sad_601,15178.0,35.6474375,15207696.5626,6837.56363636,11.2497897727,3511701.72967,13202593.2641,280.538157504,9.43004165365e+12
Sad_602,11577.0,36.195625,7707566.03043,4411.87272727,11.2032034091,1448738.99404,7620368.51107,271.927480427,1.89661088485e+12
Sad_603,11487.0,32.552875,6579063.28419,4494.52727273,11.6980761364,1825392.3209,7077217.74017,214.90001688,2.45566946349e+12
Sad_604,18235.0,35.784375,23519777.1928,8253.52727273,10.4953090909,4881577.92717,25588381.3402,269.659316607,2.65807579107e+13
Sad_605,17646.0,34.9986875,29518315.702,7697.67272727,11.0208431818,4278257.48227,20713844.0747,227.736839523,2.92662332651e+13
Sad_606,20312.0,39.496375,26675672.6536,9544.90909091,10.9781784091,5929421.44381,31899763.9372,269.298459406,3.6816243071e+13
Sad_607,18564.0,40.2370625,17525276.2525,8555.43636364,11.1045,4536365.65248,18823457.1187,284.287132591,1.65944959591e+13
Sad_608,21048.0,40.8164375,27356953.2328,8300.67272727,11.0250784091,5142436.61358,26877512.1838,276.57384858,3.4047435963e+13
Sad_609,17670.0,39.7229375,20776149.5843,8099.74545455,10.3667022727,4482969.36888,15362879.317,275.821694125,1.59939268191e+13
Sad_610,15660.0,40.0911875,16933954.7044,5592.78181818,10.9528113636,2936308.1272,17422911.4433,315.823332715,1.17201580629e+13
Sad_611,18651.0,42.4450625,13965534.2085,4162.05454545,11.1735090909,1697919.81115,15392903.5788,303.747065383,5.44048576501e+12
Sad_612,14074.0,38.487875,9029421.89788,4059.74545455,11.1430227273,1818891.42723,11743593.6443,317.951842029,4.0140996991e+12
Sad_613,14298.0,38.1230625,10475038.9601,7267.30909091,11.4117102273,3397997.66754,14287688.0681,292.650868069,6.12309756625e+12
Sad_614,23698.0,36.3484375,14894374.0152,7904.34545455,11.1393761364,3884422.46782,28045817.4625,218.417599085,1.37445432413e+13
Sad_615,12925.0,39.3383125,9901647.14265,6683.23636364,11.2205852273,3229436.09937,5766498.14413,247.745947967,4.38291638684e+12
Sad_616,10624.0,39.7405625,5604127.58196,2694.58181818,11.4281045455,1016756.79309,4921066.42512,288.118252354,1.00336006072e+12
Sad_617,13111.0,42.9494375,10769297.3133,4946.72727273,11.3032965909,2362522.09742,9897251.18017,314.2057439,4.85124024763e+12
Sad_618,16659.0,37.5771875,12731322.4056,7079.49090909,11.2375397727,3208858.56814,17983031.159,262.675318254,9.84372915735e+12
Sad_619,21524.0,37.4815,12762299.4847,5706.8,11.4607727273,3040466.71439,21089929.8691,264.355114509,1.08399508802e+13
Sad_620,15254.0,42.7571875,12316395.5906,8190.81818182,10.1727295455,4557039.29415,12127311.676,337.245100272,1.00975680152e+13
Sad_621,11975.0,38.774625,12481229.2461,5451.56363636,11.6054102273,2680869.74914,8768272.64595,303.953412897,6.04188878494e+12
Sad_622,17197.0,39.5864375,11461265.5914,8956.74545455,10.7348534091,4171161.967,10246134.4807,303.794766478,8.12300782892e+12
Sad_623,12399.0,43.895125,4848470.15696,3885.43636364,10.9009920455,1287491.01849,6989153.3005,262.956231564,1.11316801175e+12
Sad_624,9912.0,39.31025,6050756.39633,3762.41818182,11.2923829545,1565407.176,7070475.5524,274.613582971,2.18073575946e+12
Sad_625,20403.0,35.6564375,11571319.3923,6084.54545455,11.7314875,2800509.48634,20481990.5025,275.41070729,6.89907439652e+12
Sad_626,12734.0,40.038625,6560201.82603,5145.41818182,11.3892022727,2200959.63629,10443903.2979,298.915835358,2.95670338801e+12
Sad_627,18519.0,39.2895625,9790487.16304,3124.72727273,11.6393454545,1244032.30412,14242089.5074,293.851449225,3.03283277324e+12
Sad_628,12421.0,38.6610625,4651654.79926,3263.05454545,11.3395340909,1239160.49244,6632260.63339,302.355076057,9.39111609503e+11
Sad_629,26773.0,41.13075,16763218.7699,8273.23636364,11.1766886364,4736829.63293,33784107.5987,271.578705569,2.05551117621e+13
Sad_630,20663.0,36.4428125,33196933.8268,12744.8363636,5.31623409091,7713264.37616,25085008.5732,832.633156042,3.7513236416e+13
Sad_631,15864.0,17.712125,12999136.5633,4517.74545455,10.9678193182,1504724.38034,15735268.5534,11.034906313,7.24984020166e+12
Sad_632,13393.0,19.1975,13948127.5899,6982.18181818,10.8372715909,3385907.02694,12611972.6215,16.3413483554,9.35366841031e+12
Sad_633,19486.0,19.7285625,11062380.9178,5531.72727273,10.5318306818,2168590.10438,22795190.562,9.99983174768,6.74438587743e+12
Sad_634,18864.0,21.9830625,11854728.554,5830.72727273,11.1569011364,2561125.24765,29808740.1256,15.0324850447,1.1426355884e+13
Sad_635,13500.0,21.91825,11049626.9784,5264.72727273,11.2361465909,1861419.33805,13704790.7802,17.9098158368,6.83256972983e+12
Sad_636,18146.0,18.8345,16779516.8593,6100.18181818,11.0010375,3076182.399,17869782.1851,8.32002493119,1.37215042636e+13
Sad_637,18981.0,22.4668125,20810429.3051,8059.05454545,10.3478215909,4671214.49254,31012416.0516,13.5269720809,2.81814810254e+13
Sad_638,22536.0,19.3653125,13126382.9345,4896.70909091,10.9200693182,1454053.09088,38438761.879,10.9230026946,8.68514036691e+12
Sad_639,9169.0,23.688375,11254981.6718,3618.78181818,11.0371136364,1814549.03127,10460071.0797,39.374172681,7.0439965233e+12
Sad_640,17728.0,31.122,20925459.4043,6595.25454545,11.8272238636,3966217.82026,16265880.4079,139.70771198,2.04251530109e+13
Sad_641,20217.0,36.777125,24716262.6148,8839.14545455,11.3821840909,5627441.54382,34154985.5788,115.089058926,4.08922734643e+13
Sad_642,18445.0,30.6729375,18587126.8286,7392.65454545,10.9584409091,4230242.09619,24636366.7716,92.849066963,1.6551068083e+13
Sad_643,17918.0,17.61775,16063453.4083,7168.36363636,11.0195113636,4003309.29836,23194812.3769,9.21039899774,1.81696274667e+13
Sad_644,14441.0,18.0848125,13878136.3665,5431.0,10.664025,3213433.96904,21872322.2545,14.1037493874,1.75734827478e+13
Sad_645,13822.0,22.1156875,19116526.5204,3128.21212121,11.0175530303,1389894.78787,11035689.6823,9.98517791243,1.02737094094e+13
Sad_646,28866.0,8.3338125,32961397.5977,14280.5636364,0.0517465909091,9416404.17939,65742419.955,12.7617065445,8.64867795348e+13
Sad_647,31956.0,7.1964375,73053080.2731,14465.9636364,0.0275079545455,13982556.0883,129699691.344,12.4523726662,3.95880175595e+14
Sad_648,28352.0,6.4113125,73321709.0448,9069.6,-0.0428272727273,7446681.47788,87060959.6582,7.78888000582,2.0103261919e+14
Sad_649,30606.0,14.22375,59531684.3925,14607.7272727,0.821015909091,13898412.3718,89902728.8893,19.5661673864,2.57680222113e+14
Sad_650,31609.0,13.6118125,45087205.6454,15466.0909091,-0.224469318182,12243546.3843,80812398.7372,21.2006713524,1.62431223516e+14
Sad_651,31959.0,16.7243125,152610644.32,20133.4363636,0.139760227273,27905505.8333,66560997.4096,37.137598677,8.44687861448e+14
Sad_652,31957.0,12.70375,101753760.251,19747.6,0.355034090909,29453263.9099,102084453.004,31.4562992285,9.16967889971e+14
Sad_653,31950.0,12.7879375,81973181.7409,20396.6,0.0560386363636,23272713.7615,96234448.6764,27.5292793884,3.06695952143e+14
Sad_654,31953.0,14.0403125,61569115.1685,19214.4363636,0.0503772727273,22151873.2622,103429287.628,26.3230333628,3.88254308735e+14
Sad_655,31952.0,9.9479375,117080802.626,17296.4181818,0.000768181818182,26444683.1516,150142752.571,17.7687379177,1.13367353049e+15
Sad_656,31960.0,14.174375,93126055.7088,24829.9454545,0.0110590909091,35190066.1272,37262664.197,32.1711499851,4.58206200175e+14
Sad_657,26117.0,7.854875,34710927.588,8143.70909091,-0.0443534090909,5749219.63186,62640329.5881,4.69313325685,9.04751026433e+13
Sad_658,31958.0,15.781875,129070438.787,20069.9375,-0.0435169270833,25565942.6477,123299073.35,16.4268175503,7.42268079059e+14
Sad_659,31965.0,358.9901875,103877441.808,27781.75,1.84427769886,64870707.3263,13774245.8693,23074.0461716,2.79267555351e+14
Sad_660,23667.0,8.6419375,44314450.6126,9204.8,-0.347621590909,8182373.33314,50098994.1964,10.5614848265,1.08755272851e+14
Sad_661,22682.0,5.341875,49500567.0661,5521.01818182,-1.1728625,4106504.86602,35380066.7451,4.83579970801,9.06779493184e+13
Sad_662,22810.0,10.7873125,74724454.8263,12477.0363636,-0.95,12738390.5239,40257123.6714,19.3330067128,2.26472703129e+14
Sad_663,22435.0,13.090625,34803091.8894,7354.41935484,-1.10152284946,6418772.42797,43921379.6413,11.7762017873,7.8664267841e+13
Sad_664,21724.0,22.3185625,51761133.7019,11242.8363636,6.59724204545,14871428.3768,57216551.6278,55.9509296399,2.21296233312e+14
Sad_665,27638.0,33.9641875,57736185.4103,9645.27272727,7.20740227273,13718309.1713,53920305.6893,73.4100939414,2.73969986093e+14
Sad_666,27628.0,16.541875,37371787.5204,9572.92727273,5.96784659091,7621716.05125,48290773.3038,16.0195423993,7.68404558127e+13
Sad_667,21696.0,32.404875,48311004.5222,9202.29090909,5.51494090909,8272602.09342,47106525.2608,53.2666028053,1.33596944841e+14
Sad_668,17287.0,19.272625,16206777.7294,8993.74545455,7.55917954545,5003240.89541,20640342.6261,24.6978951064,1.7723231091e+13
Sad_669,16108.0,27.9616875,40173940.9271,11034.7454545,7.104025,12689101.6313,18244233.0261,67.6945804346,9.03839807932e+13
Sad_670,16563.0,21.274,28132218.9348,8274.58181818,7.37699090909,8894781.74518,18376051.0069,24.399577389,7.34993129396e+13
Sad_671,23311.0,22.577375,58431511.8541,10467.3454545,7.14912613636,10186561.1554,26227516.4079,37.373134929,1.12009666693e+14
Sad_672,22803.0,20.4661875,85282292.9738,9938.54545455,7.666875,11368433.2382,33348712.9388,37.4066067794,2.67347938096e+14
Sad_673,31260.0,24.0435,25810206.169,9076.09090909,6.49643863636,6009655.37378,38600633.2826,59.901370679,3.27761021039e+13
Sad_674,25977.0,18.8006875,33298273.8622,14121.8545455,6.14788181818,8097319.82967,44743581.7607,24.8116918652,5.20394761276e+13
Sad_675,23455.0,20.5378125,20359974.1856,10061.1212121,7.49801073232,4918734.05297,30148719.2782,9.26636655161,2.16339315542e+13
Sad_676,9261.0,19.2931875,5819862.99382,4396.56363636,11.0232215909,1516376.32128,5255908.46413,9.40742765367,2.24955280209e+12
Sad_677,17442.0,21.57125,8793223.62842,4942.30909091,10.8036647727,1892437.37412,14184182.5045,14.2200124191,4.99586185511e+12
Sad_678,11593.0,16.7001875,5840022.63283,5177.96363636,10.7123795455,1440522.1335,8772617.81686,8.2536874389,2.04365962401e+12
Sad_679,7812.0,19.020625,5750232.97216,3451.52727273,10.8937272727,1121823.07983,6419706.72198,9.41275668201,1.90225425094e+12
Sad_680,8394.0,18.16825,3925977.64743,3310.12727273,10.9316136364,810945.330795,5740906.22017,7.53945605399,9.99920543994e+11
Sad_681,10959.0,19.095,6427247.45486,3475.52727273,10.9972329545,1026537.26815,7934434.54017,11.5523797505,2.04968303254e+12
Sad_682,5553.0,19.6176875,701457.230255,1501.30909091,10.8434818182,147868.403359,1411569.6681,16.935335787,21316771118.6
Sad_683,4470.0,17.561875,1042928.01173,1166.36363636,11.0318655303,142006.380888,765263.352617,8.12257394866,37961458827.8
Sad_684,15644.0,5.1640625,18763966.311,5826.59090909,-1.26562997159,2734803.03435,21328237.469,5.40017319214,1.43959632453e+13
Sad_685,18064.0,13.4710625,8695509.44502,7526.76767677,7.53167550505,2564338.36929,20937412.441,6.18740736472,4.52696300198e+12
Sad_686,13137.0,18.2611875,3223111.76736,3045.01818182,11.2644829545,531919.763697,8848011.36331,6.36076836782,5.94365622607e+11
Sad_687,7630.0,18.2150625,2884680.14474,3137.32727273,10.8368534091,699972.365206,3002695.74744,9.53496932631,5.25002692924e+11
Sad_688,17037.0,18.3086875,10029381.2953,4317.05454545,10.8280772727,1454011.2059,11198183.797,8.34263315639,4.17885755778e+12
Sad_689,18645.0,16.978,12773988.0773,5542.78181818,10.9739011364,2386604.10353,19691705.9888,12.2394993674,1.00549547021e+13
Sad_690,5043.0,17.389125,2164048.55845,2301.25454545,10.9385295455,366553.653529,1699332.62612,7.37271506291,2.08994041432e+11
Sad_691,7609.0,15.6751875,1088406.53284,1405.96341463,11.0461272866,136993.112103,2338422.13281,4.10537340239,52142467749.5
Sad_692,23658.0,140.8320625,75249945.8112,5186.56363636,-1.27557613636,9488079.92548,71170709.3369,846.007184234,4.6060542139e+14
Sad_693,23396.0,145.1186875,58299364.5385,11414.8873239,0.457343309859,14303297.1387,94142589.3958,1478.51658401,3.15725438684e+14
Sad_694,23145.0,21.573625,33482439.3773,13354.6931818,6.81238068182,10617395.2216,46755699.8945,18.3249337803,7.42178614243e+13
Sad_695,14743.0,7.06575,21473222.4007,3115.12727273,-1.09134545455,1519782.06923,12724628.3293,3.30664968251,1.48746637934e+13
Sad_696,23672.0,69.21075,62984731.0965,9979.67272727,-0.419232954545,8794401.4993,66004152.6202,358.594096124,1.66665184041e+14
Sad_697,24439.0,84.662,51585047.0795,10757.9166667,-1.33640833333,8468365.47434,61740474.4764,229.369669693,1.21733216208e+14
