session,max(energy(energy)),mean(energy(energy)),var(energy(energy))
Angry_0,49292013.0,12971421.7386,1.57710507662e+14
Angry_1,39972858.0,16494842.3766,9.91489835618e+13
Angry_10,70797837.0,22456724.6761,1.64912064014e+14
Angry_100,38072837.0,6069992.50909,5.91702635185e+13
Angry_101,74414329.0,22235699.8727,3.23393717669e+14
Angry_102,38186106.0,16261798.8182,9.49835835725e+13
Angry_103,47175774.0,8764509.96364,1.04265674601e+14
Angry_104,61233721.0,16563382.4545,1.97317622476e+14
Angry_105,66552379.0,14171009.5818,1.59839556828e+14
Angry_106,61547100.0,20396992.5273,2.2314406192e+14
Angry_107,69174233.0,23105811.0,2.92683060298e+14
Angry_108,47065588.0,17466486.5091,1.3756837365e+14
Angry_109,46619940.0,15973907.2545,1.35731371939e+14
Angry_11,79939066.0,26694398.9327,3.08969533159e+14
Angry_110,34609502.0,11396555.4545,7.68226275659e+13
Angry_111,46568659.0,17892295.1636,1.69096302028e+14
Angry_112,64022208.0,19684369.3273,1.31188711086e+14
Angry_113,53364402.0,17990512.6182,1.52628994943e+14
Angry_114,62679002.0,14477579.3455,1.52741296223e+14
Angry_115,55001340.0,13385986.9273,1.16982397625e+14
Angry_116,62797742.0,24517478.3273,1.66025216964e+14
Angry_117,58964709.0,20096459.7386,1.88740738841e+14
Angry_118,33050688.0,8522530.23636,6.83628235626e+13
Angry_119,34216133.0,4893441.6,4.51165148056e+13
Angry_12,53594196.0,21117061.3818,1.7489819152e+14
Angry_120,23726890.0,7081315.32727,4.11180623331e+13
Angry_121,28387514.0,5953821.43636,3.30303322061e+13
Angry_122,39200376.0,6448678.49091,1.02162098418e+14
Angry_123,63326636.0,9768991.10909,2.34417825376e+14
Angry_124,36101290.0,3750362.85455,7.16744021641e+13
Angry_125,24655962.0,4284434.07273,2.63095051165e+13
Angry_126,39630515.0,5409413.98182,8.94655377268e+13
Angry_127,52502283.0,11369997.9818,1.9809915561e+14
Angry_128,33270634.0,5613360.03636,3.99305010545e+13
Angry_129,40994473.0,6871547.23636,6.20653802276e+13
Angry_13,27088361.0,4996072.8,3.713004433e+13
Angry_130,26468605.0,3606349.56364,2.68835554514e+13
Angry_131,32216601.0,5720865.90909,3.74463629739e+13
Angry_132,46455163.0,8292167.78182,1.11961753648e+14
Angry_133,27338280.0,7180786.0,5.13195525724e+13
Angry_134,23227829.0,5720884.65455,3.51912435496e+13
Angry_135,25850687.0,5714413.8961,2.95709391891e+13
Angry_136,47233025.0,14988694.9091,1.1113454457e+14
Angry_137,39908571.0,19204852.2727,7.77724696905e+13
Angry_138,38392742.0,12252659.3977,8.56597524591e+13
Angry_139,54948026.0,14838935.3944,1.12164541172e+14
Angry_14,66341735.0,7513101.41818,1.50574435935e+14
Angry_140,49492904.0,19838271.0364,1.20319545028e+14
Angry_141,61607085.0,19112047.6545,1.07481658666e+14
Angry_142,73644037.0,25189066.8182,2.49513198422e+14
Angry_143,48619765.0,22189356.6545,1.26860136459e+14
Angry_144,53688470.0,24381676.0727,1.19301710085e+14
Angry_145,79796185.0,24037108.0727,3.1096816241e+14
Angry_146,79798576.0,27430163.1398,2.61504595829e+14
Angry_147,10981983.0,3367015.88333,7.36003729404e+12
Angry_148,50151564.0,20715310.1455,2.13310231874e+14
Angry_149,63551916.0,16453250.0364,2.52443454323e+14
Angry_15,82749614.0,17187794.9692,4.84253585929e+14
Angry_150,74769127.0,14339177.3091,3.75989807799e+14
Angry_151,74737854.0,29637203.8909,5.4516082835e+14
Angry_152,55625894.0,12190881.7091,2.75721357906e+14
Angry_153,66838179.0,26011420.1818,4.87180326521e+14
Angry_154,65947778.0,12171587.8364,2.93356889971e+14
Angry_155,68853853.0,26687710.2,4.2795858035e+14
Angry_156,77973779.0,35414374.4545,4.88049576617e+14
Angry_157,82406449.0,28498842.7273,6.50125623487e+14
Angry_158,23245910.0,6354795.2,4.18893167465e+13
Angry_159,23618417.0,9535249.32727,7.00564087555e+13
Angry_16,83082237.0,27028947.2545,5.22919308515e+14
Angry_160,25249770.0,6495152.05455,4.06918983893e+13
Angry_161,27867795.0,8356874.98182,8.16491794363e+13
Angry_162,22847446.0,10280019.5818,3.97373999633e+13
Angry_163,27947128.0,13388398.0727,6.39761001952e+13
Angry_164,69235371.0,15127376.4545,1.63609054534e+14
Angry_165,50829171.0,14271448.2545,2.52272830106e+14
Angry_166,56437052.0,31296898.6545,3.45828298971e+14
Angry_167,34639419.0,7856258.65455,8.03732925916e+13
Angry_168,36561503.0,12268325.5818,1.40135543238e+14
Angry_169,32070071.0,6634171.96364,5.79368476093e+13
Angry_17,80599721.0,21748364.8909,1.58546723583e+14
Angry_170,43151799.0,11774562.6,1.7071915205e+14
Angry_171,33410256.0,6581357.90909,8.04361027063e+13
Angry_172,38230173.0,15358210.4727,1.78804098029e+14
Angry_173,34208324.0,5441482.01818,7.22576852602e+13
Angry_174,56515918.0,11150313.6182,2.57961954532e+14
Angry_175,65023919.0,28001631.6,3.98352172824e+14
Angry_176,55737673.0,9006928.39189,1.88510904293e+14
Angry_177,51734291.0,16517183.0545,1.69602628218e+14
Angry_178,38123281.0,15979018.3455,8.95233145897e+13
Angry_179,37406465.0,15412062.8364,1.09669448646e+14
Angry_18,71579839.0,24679299.6727,1.83128033369e+14
Angry_180,44775499.0,13828376.6182,1.0525176584e+14
Angry_181,52680488.0,19370070.7091,1.10519580776e+14
Angry_182,60189467.0,16167832.9878,1.62492365618e+14
Angry_183,45479065.0,15625315.8295,6.33156471203e+13
Angry_184,9418428.0,3428892.17204,6.95704299766e+12
Angry_185,69801839.0,14287329.7818,2.19738331812e+14
Angry_186,46940764.0,15348938.5568,1.01538392077e+14
Angry_187,54740019.0,21795716.0,1.58895536922e+14
Angry_188,60255106.0,22976145.3182,1.7859395795e+14
Angry_189,54257403.0,20782174.9455,1.07841384674e+14
Angry_19,67177207.0,23210040.7818,1.48750242549e+14
Angry_190,51106750.0,21417372.5455,7.82019223792e+13
Angry_191,68773780.0,22957680.9455,1.67892929356e+14
Angry_192,57276473.0,22543633.4182,1.09887857619e+14
Angry_193,36804733.0,13338434.4909,6.90081668336e+13
Angry_194,40220654.0,21237276.7324,6.49475114077e+13
Angry_195,38729088.0,20377164.5526,7.35118951815e+13
Angry_196,38192720.0,10596728.5273,1.0054756673e+14
Angry_197,46277461.0,21069728.4727,9.52872534933e+13
Angry_198,53421430.0,25865561.2909,1.7731515183e+14
Angry_199,42603004.0,19485469.4364,8.75072678006e+13
Angry_2,43202259.0,19698771.0364,7.62174470875e+13
Angry_20,58796658.0,25041982.2545,1.25606028217e+14
Angry_200,57307277.0,20668015.9091,1.19781174076e+14
Angry_201,42264056.0,20305619.1455,8.52412578395e+13
Angry_202,58233391.0,22401014.5273,1.91839718844e+14
Angry_203,50173631.0,19321748.2545,9.52302938422e+13
Angry_204,43020659.0,16796465.2364,7.03349816118e+13
Angry_205,52270098.0,23815793.2364,1.04036932538e+14
Angry_206,55176766.0,23767746.0182,1.1778717754e+14
Angry_207,60335060.0,20929676.6452,1.0090799978e+14
Angry_208,43789958.0,14576388.4364,1.69227697229e+14
Angry_209,59134357.0,15786983.125,1.26451651959e+14
Angry_21,49211123.0,26045736.1273,1.54293074152e+14
Angry_210,59145989.0,20022370.1831,8.41966822778e+13
Angry_211,48525514.0,15229883.9091,1.19853153845e+14
Angry_212,46474512.0,15597446.8,9.11451262119e+13
Angry_213,53047526.0,14568578.5962,1.32719238522e+14
Angry_214,57978723.0,19258219.4545,1.43832646372e+14
Angry_215,50245653.0,12372616.5818,1.45883556379e+14
Angry_216,41559320.0,12854917.3636,1.05230973899e+14
Angry_217,43553362.0,15050542.3091,7.98990784113e+13
Angry_218,51020620.0,15483584.5636,1.4314576452e+14
Angry_219,34317883.0,15396365.2364,6.877637125e+13
Angry_22,55387040.0,24214580.2364,1.30049790985e+14
Angry_220,37681601.0,9627966.34545,6.82551983504e+13
Angry_221,37786242.0,11002119.1455,7.60790823745e+13
Angry_222,53099039.0,14981230.6909,1.08703214285e+14
Angry_223,56368737.0,14229091.5091,1.17010000575e+14
Angry_224,51655785.0,13546989.1818,1.08217647547e+14
Angry_225,63079531.0,14549296.338,1.56338451735e+14
Angry_226,26763876.0,5766352.29091,4.50781484531e+13
Angry_227,35661873.0,8101197.23636,1.09896087025e+14
Angry_228,62305598.0,9172527.4,2.30887895982e+14
Angry_229,64309873.0,11487744.9818,2.24856285257e+14
Angry_23,70467884.0,23017729.3273,2.23635911621e+14
Angry_230,43243759.0,9048027.6,9.98994465884e+13
Angry_231,46801514.0,8046277.33333,9.05683055156e+13
Angry_24,68633167.0,27337414.2364,1.33799397085e+14
Angry_25,59257559.0,24149540.5455,1.39907417592e+14
Angry_26,53904831.0,22536167.7455,1.15229799748e+14
Angry_27,41798377.0,21993582.7818,7.92160488638e+13
Angry_28,52243190.0,20113725.9455,8.19558011258e+13
Angry_29,68712435.0,24872443.7636,1.93141661896e+14
Angry_3,45196373.0,18813417.0909,9.41123953123e+13
Angry_30,45107929.0,23354705.5636,8.11689000396e+13
Angry_31,37852326.0,19310438.8545,4.57811104421e+13
Angry_32,40339773.0,21419773.0727,7.78555257812e+13
Angry_33,66192608.0,22589428.2,1.82835407415e+14
Angry_34,33629125.0,18697525.7455,4.39607840821e+13
Angry_35,62336895.0,23239021.0909,1.72278032363e+14
Angry_36,62182187.0,28510048.3273,1.19135469435e+14
Angry_37,44552008.0,19083922.2,7.66057939348e+13
Angry_38,39933403.0,19722396.4,5.20690551224e+13
Angry_39,52750621.0,23431456.2545,8.77925470187e+13
Angry_4,58195541.0,15260783.2561,9.28458396163e+13
Angry_40,54583605.0,24662597.8545,1.1613327232e+14
Angry_41,42180592.0,21787895.8182,9.64791628169e+13
Angry_42,55377559.0,24824840.0727,1.7849041298e+14
Angry_43,49273401.0,21041905.5273,1.04067142847e+14
Angry_44,50730718.0,19917372.8727,9.75718099812e+13
Angry_45,42613602.0,19892442.8545,9.13795695287e+13
Angry_46,63321342.0,23620741.6909,1.96825296844e+14
Angry_47,42578981.0,18382815.6364,7.67938553438e+13
Angry_48,42825960.0,16403815.7273,7.30387318039e+13
Angry_49,55491191.0,25084881.3273,9.80642958312e+13
Angry_5,61615675.0,22418365.7818,1.29101355691e+14
Angry_50,59549051.0,23169836.1273,1.11360644761e+14
Angry_51,60138556.0,24044793.5273,1.24468392418e+14
Angry_52,51680639.0,18319665.5636,7.09203900922e+13
Angry_53,83892766.0,29489187.1636,2.99952259491e+14
Angry_54,42902174.0,21032360.8,7.83885652866e+13
Angry_55,61240783.0,19328358.2095,8.66435861052e+13
Angry_56,50996347.0,18431459.8545,1.56358505419e+14
Angry_57,40424080.0,12310205.7091,7.60088588062e+13
Angry_58,38782477.0,14816715.1091,9.26007150001e+13
Angry_59,27125232.0,9683786.01818,3.66080517126e+13
Angry_6,74561001.0,30273069.7091,1.85997099366e+14
Angry_60,74096849.0,22043537.1455,2.69721889234e+14
Angry_61,49861633.0,14498221.9091,8.33376415601e+13
Angry_62,24424732.0,6051940.74545,2.61308899912e+13
Angry_63,24734685.0,6547605.81818,3.40759909848e+13
Angry_64,38543735.0,11827146.1273,1.10888303426e+14
Angry_65,61829123.0,18981095.1455,2.61928388868e+14
Angry_66,40535402.0,8803771.02273,1.03796039426e+14
Angry_67,58126466.0,15034107.2727,1.74521975379e+14
Angry_68,57089067.0,12902938.2182,1.77569612987e+14
Angry_69,48270959.0,17527526.5269,1.63476450524e+14
Angry_7,77149081.0,32642105.2182,2.12769735997e+14
Angry_70,52387696.0,18312339.9636,1.35537520492e+14
Angry_71,88199328.0,17094870.2545,2.62218824357e+14
Angry_72,82168092.0,24686956.9455,2.92740340462e+14
Angry_73,43724658.0,20128825.0727,1.42647934089e+14
Angry_74,80503610.0,19864545.1818,2.22413848284e+14
Angry_75,55281666.0,25825556.2364,1.19870466656e+14
Angry_76,51226517.0,18368305.0101,1.3866366119e+14
Angry_77,43650399.0,15495775.8,1.44725767178e+14
Angry_78,44817707.0,13059098.1091,1.01567282286e+14
Angry_79,44841154.0,19987366.5636,1.13738494368e+14
Angry_8,61472720.0,31200822.1463,1.3007280562e+14
Angry_80,65990448.0,25552202.7818,2.36302624355e+14
Angry_81,55461904.0,16578775.4727,1.9621788872e+14
Angry_82,38513533.0,8505276.07273,7.17346574604e+13
Angry_83,41348768.0,12460301.8545,7.97337887456e+13
Angry_84,61325397.0,17409959.6,1.48322039528e+14
Angry_85,35181180.0,11173782.2364,6.61787165465e+13
Angry_86,44573905.0,9909118.56364,9.72612142574e+13
Angry_87,51710515.0,13388616.5455,1.76408180798e+14
Angry_88,42174338.0,14192187.2909,9.65629053764e+13
Angry_89,57158717.0,12063779.5273,1.11556970949e+14
Angry_9,48134002.0,17348184.4,9.17378619986e+13
Angry_90,52337693.0,12671307.1636,1.57799946898e+14
Angry_91,69238347.0,19208080.8909,1.96481673026e+14
Angry_92,32589958.0,8048669.69091,4.52200966854e+13
Angry_93,40825130.0,7637450.45455,6.32107935742e+13
Angry_94,40934619.0,9718221.6,8.43958787086e+13
Angry_95,57641422.0,13640929.0545,1.85324345941e+14
Angry_96,74148236.0,11345395.1636,2.09042968183e+14
Angry_97,39124159.0,10200297.9636,1.27023843762e+14
Angry_98,65318312.0,8001508.38182,1.82800035914e+14
Angry_99,64188207.0,12872642.0727,2.35982368327e+14
Happy_232,62007306.0,11618757.4182,1.58323797868e+14
Happy_233,58170405.0,12832466.6341,1.65627788059e+14
Happy_234,46656743.0,22654109.6,1.25711765364e+14
Happy_235,38973441.0,16775251.1455,8.08765964464e+13
Happy_236,74418975.0,26753571.7742,1.23034035665e+14
Happy_237,81649054.0,22887580.3455,3.69759452737e+14
Happy_238,61796197.0,12734134.9636,1.80412385658e+14
Happy_239,72460199.0,13003683.0364,1.99700270037e+14
Happy_240,71610740.0,14956061.1667,2.79131916869e+14
Happy_241,25270399.0,7821832.29091,4.43577827938e+13
Happy_242,64996844.0,10775218.1636,1.71352488631e+14
Happy_243,31216658.0,9900608.25455,4.11168814888e+13
Happy_244,27785700.0,8257227.89247,4.52071801551e+13
Happy_245,49842429.0,15839028.9636,1.33292815047e+14
Happy_246,65952822.0,14435806.0303,1.11489143908e+14
Happy_247,40599373.0,14973051.7273,9.85798793611e+13
Happy_248,10119000.0,3054080.49091,8.97611831326e+12
Happy_249,9021034.0,2379418.85455,8.25189408502e+12
Happy_250,45818714.0,12304026.2535,1.08611540868e+14
Happy_251,33568539.0,12064285.0,9.60683197955e+13
Happy_252,64467857.0,14165062.4182,2.12737996219e+14
Happy_253,65889062.0,15107807.0202,1.36363745029e+14
Happy_254,77148040.0,25384074.0727,2.82563235956e+14
Happy_255,80730298.0,20378043.4545,3.0928425351e+14
Happy_256,72717595.0,18005852.7614,1.94517722694e+14
Happy_257,23997827.0,12084276.2424,3.11880503059e+13
Happy_258,78589246.0,19478932.7273,2.16679819416e+14
Happy_259,16311008.0,5270341.65789,1.56548238897e+13
Happy_260,78911494.0,23793155.9273,5.04847724774e+14
Happy_261,67626187.0,15938448.1591,2.23281163765e+14
Happy_262,83241218.0,24257097.9273,3.81476267544e+14
Happy_263,65511860.0,24845528.0,1.52573611087e+14
Happy_264,31630896.0,10570951.2895,3.47610590948e+13
Happy_265,10027213.0,1881898.0,1.12414079115e+13
Happy_266,13245976.0,4312332.81818,1.70773229355e+13
Happy_267,40948573.0,15117423.0758,9.42757618362e+13
Happy_268,66975606.0,13577302.1273,1.33211234695e+14
Happy_269,63407914.0,15595724.7091,2.56473169942e+14
Happy_270,31861328.0,7359788.12727,3.91135945343e+13
Happy_271,46013222.0,12483794.3455,8.06022137557e+13
Happy_272,53349927.0,11564200.8,1.77115687515e+14
Happy_273,70342211.0,21647320.6727,3.73008835865e+14
Happy_274,49676054.0,11586766.3818,1.0724354021e+14
Happy_275,47858871.0,8429293.03636,7.27552962372e+13
Happy_276,16116397.0,7137651.47273,1.58556657768e+13
Happy_277,27862950.0,12245695.2545,3.87431144419e+13
Happy_278,38081702.0,14359928.5818,1.05006798874e+14
Happy_279,22898364.0,8551847.83636,4.59524358877e+13
Happy_280,45848410.0,12842870.7818,9.26647761191e+13
Happy_281,51354670.0,13520086.3455,1.13923821148e+14
Happy_282,36979769.0,12058123.5273,9.13884554201e+13
Happy_283,38778488.0,13518088.7636,9.15599374957e+13
Happy_284,56052585.0,18304830.8182,1.93035361508e+14
Happy_285,74284342.0,18663408.3818,3.2928768794e+14
Happy_286,64074746.0,14500451.8727,1.4030405203e+14
Happy_287,55552470.0,12956992.0,1.57671909742e+14
Happy_288,72854124.0,20418363.7455,3.05944501724e+14
Happy_289,73449822.0,14520276.7404,2.0017685916e+14
Happy_290,86211122.0,24146713.6364,4.07274162928e+14
Happy_291,64842899.0,20390387.3818,2.55049781864e+14
Happy_292,77696176.0,21325976.5065,3.08871702451e+14
Happy_293,53041098.0,15134009.5352,1.29029695072e+14
Happy_294,63369424.0,26401554.9455,1.64635439437e+14
Happy_295,63520090.0,19247201.1636,1.96017027623e+14
Happy_296,74236817.0,26585496.1707,1.83928290067e+14
Happy_297,34714590.0,14265375.1579,4.97121127682e+13
Neutral_298,85949543.0,31461729.7273,3.03591519401e+14
Neutral_299,93025682.0,38585772.5455,4.48767770954e+14
Neutral_300,80906025.0,34105706.7818,3.35019258504e+14
Neutral_301,73012824.0,28345304.8,2.31822741389e+14
Neutral_302,72043142.0,33967066.1273,4.34827000497e+14
Neutral_303,71284150.0,26961127.6909,2.04404622429e+14
Neutral_304,69512834.0,23972744.2909,1.03270540256e+14
Neutral_305,65053838.0,29088454.6364,2.01138608429e+14
Neutral_306,70233787.0,25710703.7636,2.45190761649e+14
Neutral_307,64969163.0,26295870.5636,2.82634019627e+14
Neutral_308,77937115.0,33435221.6545,3.25119076469e+14
Neutral_309,67787729.0,24461459.2364,1.87202046475e+14
Neutral_310,79861102.0,27731672.2182,3.20567926752e+14
Neutral_311,73005421.0,23331854.4364,2.11908706104e+14
Neutral_312,75769381.0,25917198.8667,2.58440102271e+14
Neutral_313,58070454.0,17953020.8636,1.45629401583e+14
Neutral_314,55155897.0,22901811.9636,1.52965353464e+14
Neutral_315,58656945.0,31466445.8909,9.02642855677e+13
Neutral_316,65054345.0,27008336.0182,1.30807590259e+14
Neutral_317,51965609.0,28094368.8727,1.10519274653e+14
Neutral_318,60599631.0,26141995.5818,1.63259157994e+14
Neutral_319,61947138.0,27646218.3939,1.7309417252e+14
Neutral_320,4428041.0,-761255.947368,8.02210878618e+12
Neutral_321,85813620.0,30865487.7818,7.00943444983e+14
Neutral_322,82188648.0,27347675.8909,4.41724157594e+14
Neutral_323,94531467.0,34099571.3818,8.00540503227e+14
Neutral_324,78863006.0,25361082.6,4.51385324903e+14
Neutral_325,81551577.0,24606438.6182,5.50384482396e+14
Neutral_326,85682510.0,21303336.7073,3.98573332555e+14
Neutral_327,46959328.0,15484565.9818,1.30229073156e+14
Neutral_328,48906072.0,14459229.3535,1.39050280511e+14
Neutral_329,85143697.0,25169636.8182,5.68961983847e+14
Neutral_330,84502731.0,30913529.4364,7.2785742153e+14
Neutral_331,89202853.0,28936889.0909,5.96415124807e+14
Neutral_332,87953890.0,29764226.8727,7.50465143144e+14
Neutral_333,83557982.0,25884630.4909,5.5017680939e+14
Neutral_334,88287376.0,31286621.8,9.87096129662e+14
Neutral_335,87428663.0,26156088.6364,6.82038809276e+14
Neutral_336,80877083.0,15383100.0909,2.21659738829e+14
Neutral_337,84880509.0,24957607.4432,5.58865276634e+14
Neutral_338,88948443.0,33770455.8,7.69205035448e+14
Neutral_339,53098093.0,16343843.4909,1.3756977453e+14
Neutral_340,60249182.0,24962651.1273,1.94397971049e+14
Neutral_341,61910228.0,19433752.5333,1.84529438547e+14
Neutral_342,91474100.0,38148688.8545,7.82163076109e+14
Neutral_343,85101398.0,25821472.5091,4.24908504435e+14
Neutral_344,85062236.0,38777854.3091,8.38196021964e+14
Neutral_345,83494620.0,23816945.4364,4.88549868367e+14
Neutral_346,86085772.0,22932888.4712,4.66666452252e+14
Neutral_347,83830083.0,32990630.8,7.04850464022e+14
Neutral_348,85136357.0,27729156.9455,7.22183213377e+14
Neutral_349,93593895.0,30852819.9859,7.51730813723e+14
Neutral_350,61646466.0,22621887.8592,1.45331918975e+14
Neutral_351,80032174.0,27941386.6364,4.27453521949e+14
Neutral_352,74793328.0,27470218.1636,2.84177740607e+14
Neutral_353,69542222.0,27479890.8,3.0393447266e+14
Neutral_354,76164865.0,31428145.4727,4.11006190625e+14
Neutral_355,62244456.0,27059875.4364,2.04616928027e+14
Neutral_356,70569555.0,26442296.2727,3.36374542581e+14
Neutral_357,66356430.0,23931683.9667,1.83367039486e+14
Neutral_358,55086856.0,26428447.1273,1.28537191219e+14
Neutral_359,61789247.0,18519425.2424,1.53946090911e+14
Neutral_360,57232232.0,24980112.3636,1.34734496491e+14
Neutral_361,91178802.0,19187654.8727,5.95056831004e+14
Neutral_362,91850610.0,27048227.1091,8.39722831873e+14
Neutral_363,87238998.0,28733812.7662,6.47077778175e+14
Neutral_364,70373865.0,25485934.4727,2.19272062739e+14
Neutral_365,45433080.0,23125803.6727,9.46134077461e+13
Neutral_366,65664964.0,25390921.9577,1.59113581166e+14
Neutral_367,69309556.0,24631175.0,2.94609681022e+14
Neutral_368,81963260.0,33660105.2727,3.96031782309e+14
Neutral_369,79375628.0,32201562.8873,3.65064957027e+14
Neutral_370,83043796.0,27175722.7636,4.64786520117e+14
Neutral_371,82276651.0,28775564.9455,4.41980462631e+14
Neutral_372,80823152.0,19754697.3455,3.22561745303e+14
Neutral_373,58530835.0,17732316.7636,1.55986259124e+14
Neutral_374,82314058.0,22754529.1455,3.13395648591e+14
Neutral_375,64841654.0,23531857.4225,1.64611129342e+14
Neutral_376,72944734.0,32105929.2364,3.79403179975e+14
Neutral_377,79955063.0,28126096.2545,3.6998302868e+14
Neutral_378,84909101.0,28374586.4727,4.35605053851e+14
Neutral_379,85530794.0,27167339.5091,5.04473019273e+14
Neutral_380,85102309.0,28943307.3818,2.83999556086e+14
Neutral_381,84501759.0,35718266.3091,4.12283754186e+14
Neutral_382,80175492.0,27170223.2,2.37944724595e+14
Neutral_383,76936024.0,32513773.0364,2.25679354373e+14
Neutral_384,83897985.0,25341871.5636,3.33424553727e+14
Neutral_385,83496899.0,31114920.0519,3.91624187482e+14
Neutral_386,56610591.0,27377614.25,9.3637825804e+13
Neutral_387,56028535.0,30192198.1167,1.34767444849e+14
Neutral_388,60579199.0,23792564.6909,1.86453845858e+14
Neutral_389,56176268.0,21610041.9432,1.28586450951e+14
Neutral_390,4498214.0,-578492.527273,6.29037863277e+12
Neutral_391,3968099.0,-128544.709091,4.37817823817e+12
Neutral_392,6018345.0,-638593.192308,6.01469779321e+12
Neutral_393,87471500.0,31577859.2182,7.22586955684e+14
Neutral_394,78831618.0,24099955.7091,4.45266886945e+14
Neutral_395,64440340.0,22350169.7818,2.32975780413e+14
Neutral_396,72098936.0,25836783.2,2.67503400865e+14
Neutral_397,63472934.0,23694829.0545,1.85111067345e+14
Neutral_398,77962618.0,27083752.5636,4.55585754939e+14
Neutral_399,79576206.0,33797903.9636,4.61559861921e+14
Neutral_400,66852702.0,26689133.7455,2.18683872076e+14
Neutral_401,76279333.0,31663995.9818,3.30173899715e+14
Neutral_402,72330358.0,33706110.9636,2.9986312418e+14
Neutral_403,69197572.0,22622338.4,2.20979042025e+14
Neutral_404,66126065.0,27668300.0727,3.66916296538e+14
Neutral_405,63290500.0,27650922.6545,2.00598834533e+14
Neutral_406,65244458.0,26130386.1273,2.00359295379e+14
Neutral_407,64744211.0,26784255.2545,1.98298629208e+14
Neutral_408,78573599.0,29049669.8,3.03102078501e+14
Neutral_409,59673312.0,24072493.4727,2.34043269948e+14
Neutral_410,69294237.0,25217623.8545,3.32522659906e+14
Neutral_411,76327197.0,29411733.2182,3.96354532183e+14
Neutral_412,65311448.0,22298397.6,2.53828153661e+14
Neutral_413,73528844.0,31533631.8,4.53366600488e+14
Neutral_414,67435360.0,20097216.7091,2.17309583078e+14
Neutral_415,80117391.0,29806774.0364,4.57873356699e+14
Neutral_416,71864037.0,25115317.2545,2.86293837886e+14
Neutral_417,69711571.0,23442100.5091,3.03387933924e+14
Neutral_418,69628981.0,19761312.2182,1.81649795028e+14
Neutral_419,76858013.0,24780474.0545,2.65356401836e+14
Neutral_420,72618065.0,27885674.0182,3.58585227534e+14
Neutral_421,66290291.0,28364180.4182,2.85520890577e+14
Neutral_422,67823614.0,21405835.6909,2.11602595485e+14
Neutral_423,74830195.0,34932047.5273,3.51052297377e+14
Neutral_424,40637667.0,23557404.2909,9.88402183136e+13
Neutral_425,62430276.0,25305386.6923,9.37015575259e+13
Neutral_426,60152279.0,27610567.0,1.20736092648e+14
Neutral_427,62318374.0,34687261.9273,1.08995205512e+14
Neutral_428,80122596.0,14972791.4545,3.20897439993e+14
Neutral_429,85815370.0,24407672.6,7.37178340622e+14
Neutral_430,75781401.0,14653719.3818,3.25315526911e+14
Neutral_431,78666521.0,18563218.9636,3.80704070663e+14
Neutral_432,85713770.0,24077641.5211,3.51169369739e+14
Neutral_433,57798852.0,20341236.65,1.18030135718e+14
Neutral_434,56505010.0,19371713.8364,1.82428854573e+14
Neutral_435,73287980.0,31288234.6909,4.81745443669e+14
Neutral_436,66293683.0,23158407.0909,2.73665124004e+14
Neutral_437,74398406.0,29368246.7455,2.96869856668e+14
Neutral_438,79474077.0,32421655.7636,3.17068294014e+14
Neutral_439,63145086.0,21645535.4727,1.76287384403e+14
Neutral_440,72585530.0,29237033.4364,2.94974211167e+14
Neutral_441,73106852.0,27089059.8364,3.01756821864e+14
Neutral_442,49733223.0,18139081.4545,1.10026658004e+14
Neutral_443,76302176.0,31564420.8545,4.4983298548e+14
Neutral_444,74906633.0,28598812.2909,3.61603811933e+14
Neutral_445,69084631.0,21933268.7273,2.73232405616e+14
Neutral_446,65620646.0,22935585.9455,2.43886229825e+14
Neutral_447,60259580.0,29483975.6909,1.6795938336e+14
Neutral_448,75308028.0,31676913.7121,4.5138425568e+14
Neutral_449,85264864.0,26088582.0282,3.89035825172e+14
Neutral_450,72955887.0,28057522.4878,2.12316397998e+14
Neutral_451,90438269.0,36157522.0182,7.74974841512e+14
Neutral_452,84115079.0,24915548.9455,6.15448192205e+14
Neutral_453,93581901.0,35041278.7455,8.84567749149e+14
Neutral_454,84556241.0,20518410.4909,4.87215921912e+14
Neutral_455,88404473.0,34139506.5455,8.14169088586e+14
Neutral_456,90851725.0,26799400.6909,7.98970627333e+14
Neutral_457,87222108.0,37382560.9455,8.79358397631e+14
Neutral_458,82081637.0,26449392.3636,5.99374876244e+14
Neutral_459,89662779.0,26288018.7636,5.20493496615e+14
Neutral_460,83117792.0,21358123.8442,5.79195187737e+14
Neutral_461,48471409.0,15724778.4667,1.30914477505e+14
Neutral_462,64497311.0,26819078.8182,1.9897679269e+14
Neutral_463,77518264.0,34050134.3818,3.63748742982e+14
Neutral_464,71057574.0,25396603.8182,2.30110304352e+14
Neutral_465,74834486.0,24991522.0364,2.47238322801e+14
Neutral_466,54186405.0,18837021.4,1.50670641977e+14
Neutral_467,68711314.0,19685982.6727,2.94769095008e+14
Neutral_468,74638498.0,32842418.2364,4.08341781174e+14
Neutral_469,73714280.0,34868537.4909,3.87218196602e+14
Neutral_470,78209618.0,28560898.4727,2.41660557692e+14
Neutral_471,68102918.0,29211448.7195,2.12714729682e+14
Neutral_472,94632048.0,32586182.9273,9.16599403614e+14
Neutral_473,89058619.0,31659207.4516,8.95421298189e+14
Neutral_474,64432496.0,27273657.3273,3.24875184408e+14
Neutral_475,73621107.0,25074420.4727,3.14108217009e+14
Neutral_476,61779080.0,26432480.2364,3.23789541811e+14
Neutral_477,65536687.0,22786205.7455,2.35755268035e+14
Neutral_478,74946850.0,32412789.3091,3.36758719346e+14
Neutral_479,73062206.0,23710940.3455,2.47104334118e+14
Neutral_480,74054421.0,29067885.4909,3.60314946716e+14
Neutral_481,67231868.0,29650107.3818,2.66690708699e+14
Neutral_482,84969697.0,27201314.6727,3.61493816772e+14
Neutral_483,79709435.0,32979449.7818,3.52156649051e+14
Neutral_484,78278501.0,30435866.1455,3.37767451637e+14
Neutral_485,73561847.0,31236063.9636,3.08108301272e+14
Neutral_486,77017321.0,37681563.6727,3.62406027016e+14
Neutral_487,77457359.0,34253393.0,4.91099004132e+14
Neutral_488,76616670.0,38150181.0727,4.57329134283e+14
Neutral_489,73738621.0,38586142.4364,3.50561710206e+14
Neutral_490,80073283.0,39375734.9273,4.09380083314e+14
Neutral_491,68134011.0,28756351.1091,2.74408449244e+14
Neutral_492,89539265.0,27451002.6,4.11145011127e+14
Neutral_493,71005476.0,33400569.1636,2.9722748488e+14
Neutral_494,77072845.0,35376577.6364,3.0077990015e+14
Neutral_495,76093235.0,38524269.5273,3.50932215975e+14
Neutral_496,79563580.0,35436108.7273,4.27202881447e+14
Neutral_497,68724578.0,35613806.2955,2.85622395725e+14
Neutral_498,83583999.0,24465296.1818,5.23911306625e+14
Neutral_499,75758362.0,20368540.1091,3.23947237403e+14
Neutral_500,89404563.0,23009812.8571,5.68048490635e+14
Neutral_501,56926237.0,23174819.2364,1.48389609857e+14
Neutral_502,62556103.0,25497235.5455,1.80332792762e+14
Neutral_503,90617934.0,33568090.4545,7.70390770669e+14
Neutral_504,92286612.0,44570431.3818,8.55502803567e+14
Neutral_505,85022970.0,44602223.6,9.5131811771e+14
Neutral_506,84537773.0,26996443.1273,7.3712816967e+14
Neutral_507,94358981.0,40537653.4727,1.2082648487e+15
Neutral_508,88395203.0,34256550.5455,7.72435260624e+14
Neutral_509,79900825.0,34065736.2167,7.77741148897e+14
Neutral_510,97121679.0,26914056.3117,7.41840995801e+14
Neutral_511,53239683.0,22915544.8,1.48941971264e+14
Neutral_512,38202606.0,20990701.6,6.78441503602e+13
Neutral_513,52448769.0,17888404.6727,9.14890454215e+13
Neutral_514,37452959.0,15335532.1273,4.64916563724e+13
Neutral_515,35871094.0,15173358.0182,5.10622988951e+13
Neutral_516,56998101.0,19442797.2,1.94790463866e+14
Neutral_517,53903312.0,24904547.3636,1.45720999831e+14
Neutral_518,69394108.0,24749191.5818,2.26816257903e+14
Neutral_519,51528640.0,27500367.0,1.28631066028e+14
Neutral_520,60194150.0,24521064.0545,2.24869163927e+14
Neutral_521,61205083.0,25661916.0096,1.84151063557e+14
Neutral_522,88936416.0,35355452.4909,1.00824133215e+15
Neutral_523,92323262.0,33909248.6707,8.17813624763e+14
Sad_524,69306946.0,36261582.3818,2.68669907109e+14
Sad_525,76068276.0,41723975.5818,4.13665748922e+14
Sad_526,62010609.0,39573526.3273,1.57622417793e+14
Sad_527,67857466.0,33825438.8545,3.82971756934e+14
Sad_528,65441960.0,31811976.1091,4.31498957639e+14
Sad_529,69838524.0,38579514.5455,4.92089579481e+14
Sad_530,69407797.0,46125556.8545,2.75506031501e+14
Sad_531,61383456.0,22291564.2,3.9726306203e+14
Sad_532,72238428.0,23357394.9273,2.91003721814e+14
Sad_533,66228710.0,25635336.2182,3.6752322368e+14
Sad_534,76779125.0,38481149.0,3.55303279688e+14
Sad_535,64868049.0,28250201.3636,4.27913128252e+14
Sad_536,64515790.0,29932775.9636,4.05359864093e+14
Sad_537,66294061.0,42782215.4545,3.19201535447e+14
Sad_538,64060365.0,32784462.0364,3.16200808778e+14
Sad_539,67745255.0,37984141.8364,3.2388022531e+14
Sad_540,67895735.0,41624352.7636,2.3698622157e+14
Sad_541,66877042.0,27688259.9455,4.85515291741e+14
Sad_542,60892347.0,21178225.8909,3.09243384378e+14
Sad_543,59490708.0,26393165.0,2.06789954302e+14
Sad_544,67102876.0,19990135.0909,3.09648819759e+14
Sad_545,72462286.0,28299591.9636,3.96338738293e+14
Sad_546,61960031.0,35329052.0182,2.23468544442e+14
Sad_547,62874741.0,40195749.8182,2.19483610448e+14
Sad_548,65309812.0,39752418.5818,1.68810204822e+14
Sad_549,61598523.0,24795531.6727,3.57169351442e+14
Sad_550,60713629.0,22459494.2182,1.81605204207e+14
Sad_551,67552176.0,37309487.6167,1.75429449576e+14
Sad_552,72338694.0,24491921.7386,2.66942440704e+14
Sad_553,56066354.0,20309734.4545,2.10446710036e+14
Sad_554,18601454.0,13850780.0182,8.55584471443e+12
Sad_555,18717265.0,11046246.2833,9.46350929367e+12
Sad_556,25568645.0,9348778.52727,2.67186759991e+13
Sad_557,20993524.0,12672201.9273,1.79233674802e+13
Sad_558,21003412.0,11242065.5091,1.77643985171e+13
Sad_559,19438087.0,10349239.8788,1.46405794836e+13
Sad_560,50151564.0,20715310.1455,2.13310231874e+14
Sad_561,63551916.0,16453250.0364,2.52443454323e+14
Sad_562,74769127.0,14339177.3091,3.75989807799e+14
Sad_563,74737854.0,29637203.8909,5.4516082835e+14
Sad_564,55625894.0,12190881.7091,2.75721357906e+14
Sad_565,66838179.0,26011420.1818,4.87180326521e+14
Sad_566,65947778.0,12171587.8364,2.93356889971e+14
Sad_567,68853853.0,26687710.2,4.2795858035e+14
Sad_568,83173711.0,33524596.7308,5.65442761963e+14
Sad_569,60277732.0,23744523.7755,4.03520529325e+14
Sad_570,85997790.0,28312274.8687,5.99603551134e+14
Sad_571,62828797.0,36170398.0909,2.48449153181e+14
Sad_572,65502306.0,38126195.5636,3.88556146333e+14
Sad_573,74240708.0,33799874.0364,2.28529381324e+14
Sad_574,62397482.0,33440158.7455,3.13448408936e+14
Sad_575,53407652.0,28521215.7818,1.99764575587e+14
Sad_576,66388421.0,35418176.0545,2.15172879553e+14
Sad_577,65345650.0,31004777.5273,4.14034370615e+14
Sad_578,57905277.0,30371193.1091,3.22966538545e+14
Sad_579,63320566.0,32474929.6727,4.10487825342e+14
Sad_580,63216131.0,28096976.7091,2.67821892481e+14
Sad_581,59022249.0,24726063.7636,2.43166925916e+14
Sad_582,69106345.0,32172365.8909,4.5709804323e+14
Sad_583,69042421.0,26660600.6727,3.65514387805e+14
Sad_584,58219965.0,25201148.4182,3.88329700662e+14
Sad_585,53158900.0,26422230.9636,2.2210711146e+14
Sad_586,61164734.0,26892811.5818,4.21526553428e+14
Sad_587,73612621.0,30428851.6,2.32157873501e+14
Sad_588,51407347.0,22211258.0727,2.86700577519e+14
Sad_589,69445958.0,33131910.8545,4.71744647992e+14
Sad_590,62075749.0,25292325.4182,2.67649026361e+14
Sad_591,64126331.0,20292341.2545,3.31353213792e+14
Sad_592,62993405.0,18037347.4,4.05480650615e+14
Sad_593,58504223.0,25663886.2364,3.86901168353e+14
Sad_594,60334880.0,26310432.8182,4.82290906462e+14
Sad_595,51081936.0,27919766.5091,2.7598647733e+14
Sad_596,65869224.0,36968806.6104,2.67546687466e+14
Sad_597,66068575.0,22907391.5673,3.49551349458e+14
Sad_598,24720357.0,9841344.07273,2.11681989723e+13
Sad_599,22451479.0,9610798.01818,1.53497856759e+13
Sad_600,15388658.0,8971414.45455,6.70647021724e+12
Sad_601,16179180.0,8930061.87273,1.41181006477e+13
Sad_602,16036964.0,10769470.4909,5.40997661024e+12
Sad_603,19632167.0,11404876.9273,9.48246448796e+12
Sad_604,17559714.0,9032929.12727,1.15563268562e+13
Sad_605,17710089.0,9109466.58182,1.69988910119e+13
Sad_606,14232333.0,7801797.54545,1.28304063078e+13
Sad_607,14752784.0,8288652.83636,7.97781374684e+12
Sad_608,17453655.0,8113142.78182,1.86323347716e+13
Sad_609,17444078.0,8793281.70909,1.06666258241e+13
Sad_610,19781935.0,9364752.10909,1.93349271816e+13
Sad_611,14980831.0,8807163.30909,1.18518939619e+13
Sad_612,17418503.0,10375654.1818,9.47602228484e+12
Sad_613,14766842.0,7867155.98182,1.10787491383e+13
Sad_614,14175888.0,8774843.18182,7.55569283853e+12
Sad_615,15710030.0,7901690.41818,1.28550588106e+13
Sad_616,17077397.0,10499582.4,8.54691372013e+12
Sad_617,14918443.0,9005645.4,7.56535374475e+12
Sad_618,16161720.0,9513824.81818,8.10981794113e+12
Sad_619,15406014.0,8341935.45455,1.13316527886e+13
Sad_620,15502011.0,8100460.90909,9.46819359913e+12
Sad_621,18666171.0,8894799.50909,8.89719124101e+12
Sad_622,14971785.0,8086637.54545,1.17230541138e+13
Sad_623,16368894.0,10721632.8545,7.69181026305e+12
Sad_624,42936798.0,11658810.3091,4.56995416942e+13
Sad_625,14964321.0,8619376.49091,1.26726410244e+13
Sad_626,15201814.0,8539808.83636,9.34624369328e+12
Sad_627,14888263.0,9267036.61818,7.39870315431e+12
Sad_628,18199212.0,10498259.2364,9.69668727665e+12
Sad_629,15207766.0,8302991.85455,9.57919693857e+12
Sad_630,52551814.0,8785497.92727,1.01340193042e+14
Sad_631,49051750.0,27553388.5273,1.39614262011e+14
Sad_632,51178217.0,20138191.9091,2.12029800025e+14
Sad_633,62828651.0,28216896.6,3.31874102414e+14
Sad_634,70033253.0,31076951.1818,3.25031625139e+14
Sad_635,60740955.0,31853099.2909,2.10719723237e+14
Sad_636,89340769.0,29448213.5455,4.647060857e+14
Sad_637,61803113.0,21687480.6727,1.82368370377e+14
Sad_638,60086205.0,32147876.9636,2.58062099906e+14
Sad_639,50112652.0,24914220.9818,2.23093641692e+14
Sad_640,20149003.0,10852328.6727,2.58074343392e+13
Sad_641,27814509.0,12051790.1091,4.57238133655e+13
Sad_642,25082870.0,11764860.9091,3.34296780313e+13
Sad_643,58313654.0,20114879.8909,2.38731511168e+14
Sad_644,69734921.0,34143267.5273,3.28392136807e+14
Sad_645,79274962.0,47920174.6667,6.07858780359e+14
Sad_646,24251599.0,8858662.27273,5.31478809098e+13
Sad_647,67580756.0,17515097.9091,3.02617319278e+14
Sad_648,57272910.0,25809830.6182,3.74536869495e+14
Sad_649,54355136.0,14361133.4545,2.48309934178e+14
Sad_650,37039097.0,12161109.6182,1.32547678562e+14
Sad_651,35041842.0,7420897.83636,8.04505833675e+13
Sad_652,34364624.0,9151611.12727,1.09790433442e+14
Sad_653,42666786.0,9420828.0,1.46450036601e+14
Sad_654,38077216.0,9583229.12727,1.23269036607e+14
Sad_655,37716587.0,12818346.2545,1.80256078079e+14
Sad_656,16417649.0,3358519.12727,1.57755913144e+13
Sad_657,64641844.0,29691531.2182,3.85621483387e+14
Sad_658,58956691.0,10887067.8542,2.3366478852e+14
Sad_659,6799138.0,-238126.443182,5.31223399243e+12
Sad_660,44147511.0,20823901.8,1.630326294e+14
Sad_661,57802480.0,33257679.8727,3.1898392739e+14
Sad_662,54900844.0,16163604.0364,2.49116227823e+14
Sad_663,54661832.0,27571187.2688,3.74826186658e+14
Sad_664,86079591.0,29638642.0545,7.72841779097e+14
Sad_665,89608444.0,39500195.9636,8.81275115101e+14
Sad_666,82702741.0,26484831.7273,4.4504693204e+14
Sad_667,82970791.0,37380720.5818,6.30935485035e+14
Sad_668,85126793.0,34423881.8182,4.71508742736e+14
Sad_669,85843861.0,25303815.0909,5.45197935005e+14
Sad_670,85079581.0,28761922.8,7.14428560626e+14
Sad_671,63963552.0,20931623.4727,2.30877968975e+14
Sad_672,67109363.0,15569403.2364,1.79462151768e+14
Sad_673,25813681.0,12631866.7273,3.94022362236e+13
Sad_674,76372515.0,21299805.0182,2.91568033069e+14
Sad_675,84430885.0,26790712.0909,4.91862436233e+14
Sad_676,56648136.0,26187468.4909,2.02382736235e+14
Sad_677,74373888.0,30733521.3273,3.80332482273e+14
Sad_678,64861353.0,29617862.0,2.4419067075e+14
Sad_679,75890869.0,38340034.1091,4.66561112024e+14
Sad_680,72844838.0,37146220.6545,3.31785290702e+14
Sad_681,77885825.0,30491903.2182,3.50887305472e+14
Sad_682,69539553.0,42116881.6364,2.14827731029e+14
Sad_683,66149129.0,46026782.1212,1.50606482296e+14
Sad_684,56249399.0,32455493.5568,2.45808239821e+14
Sad_685,86995683.0,32504308.4646,5.39259216517e+14
Sad_686,85084966.0,42006827.4364,3.79048731672e+14
Sad_687,74354466.0,38427856.9273,3.59472194908e+14
Sad_688,87200554.0,34767013.4182,3.89465768631e+14
Sad_689,74889781.0,35376766.8909,4.73284747636e+14
Sad_690,72532109.0,43047309.9636,2.5662151132e+14
Sad_691,83649856.0,58362843.5488,2.38540936652e+14
Sad_692,79443280.0,47619382.3091,5.51328804057e+14
Sad_693,68369726.0,30772679.9437,5.43163263136e+14
Sad_694,78163538.0,18996669.1591,3.60133827973e+14
Sad_695,53116897.0,38809617.6,2.17281408488e+14
Sad_696,47192968.0,21304902.7818,2.20163586558e+14
Sad_697,55040953.0,25410980.2,3.04181513651e+14
